AgentID,stridechain_dur
Larva_1,7.0
Larva_1,0.5625
Larva_1,13.4375
Larva_1,5.3125
Larva_1,32.6875
Larva_1,0.5625
Larva_1,3.3125
Larva_1,4.875
Larva_1,3.25
Larva_1,5.1875
Larva_1,20.375
Larva_1,51.875
Larva_10,4.8125
Larva_10,3.875
Larva_10,2.3125
Larva_10,0.6875
Larva_10,31.5
Larva_10,8.0
Larva_10,2.6875
Larva_10,1.375
Larva_10,5.5
Larva_10,12.625
Larva_10,0.6875
Larva_10,42.625
Larva_10,12.375
Larva_10,1.3125
Larva_10,6.75
Larva_10,9.875
Larva_10,6.625
Larva_100,4.0
Larva_100,4.25
Larva_100,9.0625
Larva_100,3.8125
Larva_100,18.5625
Larva_100,9.25
Larva_100,10.8125
Larva_100,2.1875
Larva_100,8.625
Larva_100,6.0
Larva_100,19.5625
Larva_100,1.375
Larva_100,1.5625
Larva_100,41.75
Larva_101,11.125
Larva_101,1.5625
Larva_101,8.375
Larva_101,14.4375
Larva_101,13.4375
Larva_101,34.9375
Larva_101,33.0625
Larva_101,4.5625
Larva_101,30.5625
Larva_101,0.8125
Larva_102,1.75
Larva_102,3.75
Larva_102,2.375
Larva_102,1.5625
Larva_102,2.375
Larva_102,1.9375
Larva_102,4.8125
Larva_102,3.5
Larva_102,2.0625
Larva_102,35.875
Larva_102,1.3125
Larva_102,20.25
Larva_102,0.625
Larva_102,3.125
Larva_102,2.75
Larva_102,0.75
Larva_102,11.5625
Larva_102,4.6875
Larva_102,4.4375
Larva_102,9.875
Larva_102,2.0625
Larva_102,22.75
Larva_104,24.0
Larva_104,6.0625
Larva_104,6.0
Larva_104,5.375
Larva_104,19.625
Larva_104,7.3125
Larva_104,92.0
Larva_104,0.6875
Larva_106,6.0625
Larva_106,3.9375
Larva_106,7.3125
Larva_106,4.3125
Larva_106,1.1875
Larva_106,4.3125
Larva_106,0.625
Larva_106,8.3125
Larva_106,5.5
Larva_106,1.25
Larva_106,2.0625
Larva_106,28.0
Larva_106,0.625
Larva_106,1.9375
Larva_106,11.375
Larva_106,26.875
Larva_106,3.1875
Larva_106,1.3125
Larva_106,0.625
Larva_106,3.0625
Larva_106,9.0625
Larva_106,2.125
Larva_107,3.0
Larva_107,4.875
Larva_107,16.8125
Larva_107,11.0
Larva_107,41.8125
Larva_107,14.625
Larva_107,7.6875
Larva_107,2.6875
Larva_107,1.25
Larva_107,5.25
Larva_107,3.125
Larva_107,3.25
Larva_107,0.75
Larva_107,0.875
Larva_107,0.5
Larva_107,0.75
Larva_107,1.5
Larva_107,3.1875
Larva_107,4.5625
Larva_107,3.3125
Larva_107,2.75
Larva_107,1.9375
Larva_107,15.9375
Larva_107,2.25
Larva_108,29.0625
Larva_108,6.375
Larva_108,8.0625
Larva_108,3.5
Larva_108,1.4375
Larva_108,39.5625
Larva_108,15.5625
Larva_108,18.25
Larva_108,9.375
Larva_108,2.0625
Larva_108,21.375
Larva_109,0.5625
Larva_109,9.5
Larva_109,0.625
Larva_109,33.8125
Larva_109,11.9375
Larva_109,0.5625
Larva_109,0.5
Larva_109,3.6875
Larva_109,3.5
Larva_109,0.6875
Larva_109,10.125
Larva_109,0.625
Larva_109,6.75
Larva_109,0.4375
Larva_109,0.75
Larva_109,6.6875
Larva_109,2.4375
Larva_109,1.5
Larva_109,2.9375
Larva_109,11.25
Larva_109,18.5
Larva_109,0.75
Larva_109,3.8125
Larva_109,6.8125
Larva_110,19.3125
Larva_110,3.3125
Larva_110,17.9375
Larva_110,2.9375
Larva_110,8.0625
Larva_110,3.4375
Larva_110,6.125
Larva_110,16.5
Larva_110,2.1875
Larva_110,2.5
Larva_110,1.125
Larva_110,0.625
Larva_110,4.25
Larva_110,4.375
Larva_110,3.5625
Larva_110,1.375
Larva_110,12.1875
Larva_110,0.8125
Larva_110,5.125
Larva_110,1.375
Larva_110,0.5
Larva_110,35.375
Larva_111,36.0
Larva_111,22.375
Larva_111,68.4375
Larva_111,23.5625
Larva_111,12.875
Larva_111,5.875
Larva_111,1.875
Larva_112,1.4375
Larva_112,9.5
Larva_112,0.6875
Larva_112,0.4375
Larva_112,22.8125
Larva_112,1.8125
Larva_112,5.6875
Larva_112,37.625
Larva_112,0.5625
Larva_112,14.9375
Larva_112,6.375
Larva_112,21.0
Larva_112,4.0625
Larva_112,1.4375
Larva_112,15.3125
Larva_112,1.6875
Larva_112,2.125
Larva_112,6.8125
Larva_114,2.5625
Larva_114,9.1875
Larva_114,3.375
Larva_114,2.625
Larva_114,7.3125
Larva_114,6.8125
Larva_114,8.8125
Larva_114,1.625
Larva_114,2.625
Larva_114,2.875
Larva_114,4.875
Larva_114,9.625
Larva_114,3.5
Larva_114,3.125
Larva_114,3.5625
Larva_114,17.875
Larva_114,4.75
Larva_114,6.1875
Larva_114,1.1875
Larva_114,0.9375
Larva_114,8.0
Larva_114,5.6875
Larva_114,2.5625
Larva_114,1.4375
Larva_114,2.0625
Larva_114,0.5625
Larva_115,6.5
Larva_115,2.875
Larva_115,2.0625
Larva_115,3.75
Larva_115,2.0625
Larva_115,3.0625
Larva_115,28.4375
Larva_115,5.5625
Larva_115,5.4375
Larva_115,5.9375
Larva_115,0.625
Larva_115,0.4375
Larva_115,9.875
Larva_115,3.875
Larva_115,1.4375
Larva_115,0.75
Larva_115,1.875
Larva_115,2.875
Larva_115,0.8125
Larva_115,4.75
Larva_115,5.875
Larva_115,0.75
Larva_115,0.5
Larva_115,0.75
Larva_115,6.625
Larva_115,5.6875
Larva_115,3.1875
Larva_115,4.375
Larva_115,1.1875
Larva_115,6.875
Larva_115,1.3125
Larva_115,2.875
Larva_115,0.625
Larva_116,7.5625
Larva_116,2.875
Larva_116,1.4375
Larva_116,4.1875
Larva_116,3.4375
Larva_116,3.75
Larva_116,8.0625
Larva_116,8.375
Larva_116,3.875
Larva_116,2.125
Larva_116,1.5625
Larva_116,1.9375
Larva_116,7.0625
Larva_116,2.5625
Larva_116,2.875
Larva_116,7.875
Larva_116,1.3125
Larva_116,23.25
Larva_116,3.5625
Larva_116,2.0
Larva_116,0.625
Larva_116,1.5
Larva_116,0.625
Larva_116,2.1875
Larva_116,7.5625
Larva_116,1.1875
Larva_116,2.375
Larva_116,0.5625
Larva_116,2.625
Larva_116,1.4375
Larva_116,3.75
Larva_116,4.8125
Larva_117,0.9375
Larva_117,6.5
Larva_117,2.5
Larva_117,1.4375
Larva_117,1.75
Larva_117,7.4375
Larva_117,32.5625
Larva_117,1.25
Larva_117,17.0625
Larva_117,7.75
Larva_117,4.8125
Larva_117,2.3125
Larva_117,0.875
Larva_117,3.5625
Larva_117,12.125
Larva_117,0.6875
Larva_117,1.125
Larva_117,1.0
Larva_117,4.9375
Larva_117,0.75
Larva_117,13.5
Larva_117,8.6875
Larva_117,22.4375
Larva_118,6.0625
Larva_118,25.0
Larva_118,3.25
Larva_118,0.625
Larva_118,3.5625
Larva_118,32.3125
Larva_118,25.5625
Larva_118,8.125
Larva_118,10.375
Larva_118,8.0625
Larva_118,3.1875
Larva_118,6.4375
Larva_118,3.4375
Larva_118,22.4375
Larva_118,5.875
Larva_119,1.0625
Larva_119,1.0
Larva_119,4.375
Larva_119,1.3125
Larva_119,0.8125
Larva_119,3.625
Larva_119,21.875
Larva_119,6.75
Larva_119,5.125
Larva_119,2.0
Larva_119,7.6875
Larva_119,2.8125
Larva_119,2.3125
Larva_119,1.3125
Larva_119,15.125
Larva_119,0.8125
Larva_119,17.0
Larva_119,1.3125
Larva_119,6.6875
Larva_119,1.125
Larva_119,37.375
Larva_119,11.9375
Larva_120,12.625
Larva_120,12.8125
Larva_120,29.3125
Larva_120,3.1875
Larva_120,2.375
Larva_120,21.75
Larva_120,1.75
Larva_120,18.3125
Larva_120,0.6875
Larva_120,3.25
Larva_120,11.0
Larva_120,0.6875
Larva_120,1.125
Larva_120,13.6875
Larva_120,26.625
Larva_121,2.875
Larva_121,7.3125
Larva_121,9.125
Larva_121,2.5
Larva_121,1.9375
Larva_121,1.5
Larva_121,39.3125
Larva_121,1.5
Larva_121,1.3125
Larva_121,1.4375
Larva_121,0.9375
Larva_121,0.9375
Larva_121,0.875
Larva_121,4.25
Larva_121,0.4375
Larva_121,0.75
Larva_121,4.6875
Larva_121,2.5
Larva_121,1.9375
Larva_121,1.8125
Larva_121,2.3125
Larva_121,3.25
Larva_121,0.6875
Larva_121,3.125
Larva_121,1.375
Larva_121,0.8125
Larva_121,4.1875
Larva_121,0.625
Larva_121,0.6875
Larva_121,4.8125
Larva_121,0.6875
Larva_121,1.5
Larva_121,1.5
Larva_121,5.375
Larva_122,4.125
Larva_122,19.8125
Larva_122,3.0625
Larva_122,32.625
Larva_122,14.9375
Larva_122,12.0
Larva_122,1.5625
Larva_122,19.0625
Larva_122,16.625
Larva_122,16.875
Larva_122,3.6875
Larva_122,13.6875
Larva_125,5.125
Larva_125,17.9375
Larva_125,21.1875
Larva_125,13.5
Larva_125,3.375
Larva_125,5.375
Larva_125,0.6875
Larva_125,1.125
Larva_125,66.1875
Larva_125,22.3125
Larva_125,6.875
Larva_127,2.0625
Larva_127,1.3125
Larva_127,4.5625
Larva_127,5.5625
Larva_127,2.375
Larva_127,1.8125
Larva_127,1.375
Larva_127,2.875
Larva_127,1.125
Larva_127,0.6875
Larva_127,1.8125
Larva_127,3.125
Larva_127,2.75
Larva_127,2.25
Larva_127,10.9375
Larva_127,3.8125
Larva_127,3.0
Larva_127,3.1875
Larva_127,4.375
Larva_127,3.8125
Larva_127,1.375
Larva_127,1.375
Larva_127,8.75
Larva_127,0.75
Larva_127,2.875
Larva_127,1.625
Larva_127,1.75
Larva_127,0.625
Larva_127,2.0625
Larva_127,11.0625
Larva_127,2.0
Larva_127,1.5
Larva_127,1.0
Larva_127,3.6875
Larva_127,10.3125
Larva_127,1.25
Larva_127,2.0
Larva_127,4.9375
Larva_128,10.5625
Larva_128,1.8125
Larva_128,4.5625
Larva_128,0.6875
Larva_128,37.75
Larva_128,2.5
Larva_128,1.1875
Larva_128,3.3125
Larva_128,2.25
Larva_128,2.5625
Larva_128,0.5625
Larva_128,1.8125
Larva_128,1.375
Larva_128,1.5
Larva_128,5.5625
Larva_128,4.375
Larva_128,9.0
Larva_128,3.9375
Larva_128,4.3125
Larva_128,1.5625
Larva_128,1.125
Larva_128,1.0
Larva_128,6.4375
Larva_128,1.5
Larva_128,2.9375
Larva_128,1.625
Larva_128,2.875
Larva_128,0.875
Larva_129,1.3125
Larva_129,4.5
Larva_129,2.0625
Larva_129,0.5625
Larva_129,3.75
Larva_129,9.875
Larva_129,10.0
Larva_129,1.8125
Larva_129,2.875
Larva_129,2.75
Larva_129,5.5
Larva_129,3.1875
Larva_129,2.5625
Larva_129,8.8125
Larva_129,5.625
Larva_129,1.6875
Larva_129,2.875
Larva_129,0.6875
Larva_129,5.25
Larva_129,3.3125
Larva_129,4.375
Larva_129,0.75
Larva_129,5.125
Larva_129,2.0
Larva_129,0.5
Larva_129,3.5
Larva_129,1.375
Larva_129,0.6875
Larva_129,0.8125
Larva_129,1.9375
Larva_129,8.8125
Larva_129,4.9375
Larva_129,0.6875
Larva_129,1.5625
Larva_129,2.4375
Larva_129,6.6875
Larva_129,1.8125
Larva_129,1.3125
Larva_13,34.5
Larva_13,3.4375
Larva_13,5.25
Larva_13,25.125
Larva_13,2.625
Larva_13,34.6875
Larva_13,12.6875
Larva_13,6.625
Larva_13,8.3125
Larva_13,0.5
Larva_13,1.25
Larva_13,3.5625
Larva_13,1.0
Larva_13,12.625
Larva_130,0.4375
Larva_130,1.75
Larva_130,1.3125
Larva_130,5.375
Larva_130,4.9375
Larva_130,0.625
Larva_130,4.0
Larva_130,1.5625
Larva_130,3.875
Larva_130,2.8125
Larva_130,1.875
Larva_130,3.6875
Larva_130,42.3125
Larva_130,2.8125
Larva_130,1.875
Larva_130,1.9375
Larva_130,0.8125
Larva_130,4.0
Larva_130,11.3125
Larva_130,0.5625
Larva_130,3.4375
Larva_130,2.6875
Larva_130,1.0
Larva_130,5.0625
Larva_130,1.0625
Larva_130,1.25
Larva_130,4.625
Larva_130,16.1875
Larva_130,17.4375
Larva_132,3.375
Larva_132,1.5625
Larva_132,5.8125
Larva_132,1.375
Larva_132,7.125
Larva_132,8.8125
Larva_132,5.375
Larva_132,7.625
Larva_132,13.875
Larva_132,0.75
Larva_132,5.875
Larva_132,2.25
Larva_132,1.5625
Larva_132,3.625
Larva_132,2.0625
Larva_132,6.125
Larva_132,2.0
Larva_132,2.875
Larva_132,3.25
Larva_132,13.875
Larva_132,1.25
Larva_132,6.5
Larva_132,0.75
Larva_132,23.9375
Larva_132,4.1875
Larva_132,1.5
Larva_133,3.25
Larva_133,0.375
Larva_133,32.5625
Larva_133,8.4375
Larva_133,4.125
Larva_133,3.1875
Larva_133,8.5625
Larva_133,2.0625
Larva_133,2.75
Larva_133,0.4375
Larva_133,0.375
Larva_133,1.8125
Larva_133,0.5625
Larva_133,1.0
Larva_133,11.625
Larva_133,0.75
Larva_133,2.0625
Larva_133,10.9375
Larva_133,5.625
Larva_133,0.4375
Larva_133,1.5
Larva_133,3.625
Larva_133,30.6875
Larva_134,1.3125
Larva_134,1.25
Larva_134,0.6875
Larva_134,3.5625
Larva_134,7.625
Larva_134,6.0625
Larva_134,1.5625
Larva_134,1.25
Larva_134,3.3125
Larva_134,1.875
Larva_134,3.375
Larva_134,1.9375
Larva_134,1.625
Larva_134,0.8125
Larva_134,4.5
Larva_134,4.625
Larva_134,1.75
Larva_134,2.8125
Larva_134,0.8125
Larva_134,3.75
Larva_134,5.5
Larva_134,0.5
Larva_134,8.375
Larva_134,12.125
Larva_134,10.9375
Larva_134,0.8125
Larva_134,1.9375
Larva_134,0.625
Larva_134,1.375
Larva_134,1.75
Larva_134,1.25
Larva_134,1.75
Larva_134,1.125
Larva_134,5.4375
Larva_134,6.9375
Larva_134,0.4375
Larva_134,7.9375
Larva_134,3.1875
Larva_134,1.875
Larva_135,0.875
Larva_135,0.4375
Larva_135,12.5
Larva_135,0.5625
Larva_135,0.8125
Larva_135,0.6875
Larva_135,1.3125
Larva_135,3.9375
Larva_135,0.5
Larva_135,3.25
Larva_135,16.5
Larva_135,3.4375
Larva_135,20.6875
Larva_135,12.1875
Larva_135,2.25
Larva_135,4.125
Larva_135,1.5625
Larva_135,3.125
Larva_135,17.0
Larva_135,5.3125
Larva_135,16.5
Larva_138,0.625
Larva_138,1.6875
Larva_138,0.6875
Larva_138,0.6875
Larva_138,0.625
Larva_138,0.625
Larva_138,3.375
Larva_138,1.125
Larva_138,0.625
Larva_138,0.875
Larva_138,0.625
Larva_138,0.75
Larva_138,0.875
Larva_138,2.625
Larva_138,2.75
Larva_138,0.625
Larva_138,1.0
Larva_138,0.625
Larva_138,0.6875
Larva_138,0.625
Larva_138,0.625
Larva_138,0.6875
Larva_138,4.0625
Larva_138,1.25
Larva_138,1.125
Larva_138,0.9375
Larva_138,0.6875
Larva_138,0.8125
Larva_138,0.875
Larva_138,3.0625
Larva_138,0.6875
Larva_138,1.5625
Larva_138,0.625
Larva_138,1.625
Larva_138,0.6875
Larva_138,0.6875
Larva_138,0.6875
Larva_138,0.875
Larva_138,2.6875
Larva_138,2.4375
Larva_138,0.6875
Larva_138,0.75
Larva_138,3.5625
Larva_138,0.875
Larva_138,0.8125
Larva_138,0.875
Larva_138,0.625
Larva_138,0.6875
Larva_138,0.625
Larva_138,2.0625
Larva_138,0.8125
Larva_138,0.9375
Larva_138,1.8125
Larva_138,1.5625
Larva_138,1.5
Larva_138,0.625
Larva_138,2.75
Larva_138,0.875
Larva_138,0.625
Larva_138,1.3125
Larva_138,1.0
Larva_138,1.9375
Larva_138,0.8125
Larva_138,0.625
Larva_138,0.75
Larva_138,1.9375
Larva_138,2.6875
Larva_138,2.75
Larva_138,3.0
Larva_139,1.4375
Larva_139,0.875
Larva_139,2.625
Larva_139,3.125
Larva_139,1.125
Larva_139,22.5625
Larva_139,13.8125
Larva_139,4.875
Larva_139,0.8125
Larva_139,3.1875
Larva_139,1.625
Larva_139,1.4375
Larva_139,0.5
Larva_139,3.375
Larva_139,1.3125
Larva_139,0.875
Larva_139,0.5
Larva_139,3.25
Larva_139,3.875
Larva_139,11.5625
Larva_139,32.75
Larva_139,0.5625
Larva_139,2.25
Larva_139,2.875
Larva_139,4.0625
Larva_139,2.625
Larva_139,0.625
Larva_139,1.5
Larva_139,1.9375
Larva_139,1.5625
Larva_139,2.0625
Larva_139,5.1875
Larva_139,0.5625
Larva_139,3.375
Larva_139,1.6875
Larva_139,0.625
Larva_139,0.75
Larva_139,2.5625
Larva_139,0.625
Larva_139,0.5625
Larva_14,5.75
Larva_14,31.75
Larva_14,1.4375
Larva_14,1.9375
Larva_14,1.875
Larva_14,3.0
Larva_14,3.625
Larva_14,6.5
Larva_14,2.0
Larva_14,14.125
Larva_14,10.5625
Larva_14,10.5625
Larva_14,13.0625
Larva_14,1.0625
Larva_14,0.75
Larva_14,0.6875
Larva_14,3.3125
Larva_14,3.3125
Larva_14,8.375
Larva_14,7.3125
Larva_14,6.625
Larva_141,1.125
Larva_141,32.25
Larva_141,5.625
Larva_141,11.9375
Larva_141,0.5625
Larva_141,5.8125
Larva_141,1.625
Larva_141,7.625
Larva_141,11.125
Larva_141,0.75
Larva_141,5.125
Larva_141,2.6875
Larva_141,10.25
Larva_141,19.5
Larva_141,5.5625
Larva_141,1.75
Larva_141,1.375
Larva_141,1.5
Larva_141,6.3125
Larva_141,1.6875
Larva_142,0.5625
Larva_142,0.75
Larva_142,1.75
Larva_142,1.0
Larva_142,0.9375
Larva_142,0.5
Larva_142,1.1875
Larva_142,8.0625
Larva_142,3.0
Larva_142,2.75
Larva_142,1.0625
Larva_142,3.25
Larva_142,1.5
Larva_142,3.4375
Larva_142,5.3125
Larva_142,0.4375
Larva_142,1.75
Larva_142,0.6875
Larva_142,3.4375
Larva_142,0.75
Larva_142,20.0625
Larva_142,4.5
Larva_142,0.625
Larva_142,5.6875
Larva_142,1.25
Larva_142,0.4375
Larva_142,6.4375
Larva_142,1.5
Larva_142,0.5625
Larva_142,0.625
Larva_142,2.6875
Larva_142,0.8125
Larva_142,8.8125
Larva_142,9.0625
Larva_142,6.6875
Larva_142,2.5
Larva_143,0.625
Larva_143,3.125
Larva_143,2.625
Larva_143,0.6875
Larva_143,2.125
Larva_143,0.625
Larva_143,5.0
Larva_143,3.25
Larva_143,0.6875
Larva_143,3.375
Larva_143,0.5625
Larva_143,3.1875
Larva_143,1.8125
Larva_143,1.9375
Larva_143,0.8125
Larva_143,0.5625
Larva_143,2.875
Larva_143,0.5625
Larva_143,0.8125
Larva_143,2.4375
Larva_143,0.625
Larva_143,0.6875
Larva_143,0.5625
Larva_143,0.8125
Larva_143,1.25
Larva_143,3.1875
Larva_143,0.6875
Larva_143,4.25
Larva_143,0.625
Larva_143,0.75
Larva_143,1.25
Larva_143,4.5625
Larva_143,1.375
Larva_143,0.875
Larva_143,4.6875
Larva_143,1.6875
Larva_143,5.0
Larva_143,0.6875
Larva_143,0.625
Larva_143,1.5625
Larva_143,4.1875
Larva_143,0.75
Larva_143,0.625
Larva_143,0.8125
Larva_143,2.25
Larva_143,1.3125
Larva_143,3.8125
Larva_143,1.5625
Larva_143,4.6875
Larva_143,0.8125
Larva_143,1.3125
Larva_143,0.6875
Larva_143,0.625
Larva_143,4.5625
Larva_143,3.6875
Larva_143,2.1875
Larva_143,1.4375
Larva_143,1.5625
Larva_143,0.75
Larva_143,0.625
Larva_143,0.8125
Larva_144,0.75
Larva_144,6.1875
Larva_144,2.5
Larva_144,3.625
Larva_144,1.0
Larva_144,0.8125
Larva_144,13.9375
Larva_144,0.5625
Larva_144,7.5625
Larva_144,1.75
Larva_144,1.375
Larva_144,1.1875
Larva_144,1.4375
Larva_144,1.875
Larva_144,1.9375
Larva_144,1.8125
Larva_144,3.0
Larva_144,0.5625
Larva_144,0.875
Larva_144,2.5625
Larva_144,0.75
Larva_144,2.625
Larva_144,0.75
Larva_144,0.4375
Larva_144,1.5625
Larva_144,0.625
Larva_144,2.75
Larva_144,10.5625
Larva_144,0.6875
Larva_144,5.25
Larva_144,4.3125
Larva_144,3.6875
Larva_144,0.625
Larva_144,5.6875
Larva_144,5.625
Larva_144,5.4375
Larva_144,2.125
Larva_144,2.4375
Larva_144,0.6875
Larva_144,1.5
Larva_144,0.5625
Larva_144,3.25
Larva_144,0.875
Larva_144,0.625
Larva_144,0.9375
Larva_144,1.875
Larva_144,1.4375
Larva_146,2.5625
Larva_146,17.0625
Larva_146,6.5
Larva_146,60.9375
Larva_146,51.1875
Larva_146,5.4375
Larva_146,8.1875
Larva_146,0.75
Larva_146,4.4375
Larva_146,1.375
Larva_147,17.9375
Larva_147,4.4375
Larva_147,12.9375
Larva_147,15.8125
Larva_147,21.0
Larva_147,3.4375
Larva_147,18.9375
Larva_147,65.0625
Larva_147,0.75
Larva_149,3.25
Larva_149,2.6875
Larva_149,2.5625
Larva_149,4.125
Larva_149,9.625
Larva_149,1.125
Larva_149,1.125
Larva_149,3.6875
Larva_149,5.375
Larva_149,2.125
Larva_149,0.875
Larva_149,13.75
Larva_149,1.0625
Larva_149,0.8125
Larva_149,2.9375
Larva_149,0.75
Larva_149,0.8125
Larva_149,7.0625
Larva_149,0.625
Larva_149,2.375
Larva_149,4.25
Larva_149,3.0625
Larva_149,1.5
Larva_149,5.8125
Larva_149,30.75
Larva_149,8.125
Larva_149,2.875
Larva_149,0.625
Larva_149,18.125
Larva_149,0.5
Larva_149,4.9375
Larva_151,17.4375
Larva_151,21.5625
Larva_151,0.9375
Larva_151,1.3125
Larva_151,3.8125
Larva_151,16.1875
Larva_151,0.6875
Larva_151,8.1875
Larva_151,4.0
Larva_151,3.6875
Larva_151,1.3125
Larva_151,15.3125
Larva_151,3.0
Larva_151,2.25
Larva_151,4.4375
Larva_151,3.75
Larva_151,0.625
Larva_151,4.25
Larva_151,2.3125
Larva_151,1.5625
Larva_151,5.25
Larva_151,1.375
Larva_151,0.625
Larva_151,15.3125
Larva_152,2.3125
Larva_152,23.0625
Larva_152,0.6875
Larva_152,0.8125
Larva_152,8.75
Larva_152,4.0625
Larva_152,3.5625
Larva_152,2.25
Larva_152,10.6875
Larva_152,1.1875
Larva_152,1.875
Larva_152,3.75
Larva_152,4.0
Larva_152,5.6875
Larva_152,0.5625
Larva_152,3.8125
Larva_152,3.9375
Larva_152,3.5
Larva_152,5.1875
Larva_152,17.0
Larva_152,0.6875
Larva_152,0.625
Larva_152,0.75
Larva_152,11.9375
Larva_152,3.875
Larva_152,0.5625
Larva_154,0.75
Larva_154,6.875
Larva_154,1.625
Larva_154,1.125
Larva_154,1.25
Larva_154,2.0
Larva_154,0.6875
Larva_154,6.5
Larva_154,9.1875
Larva_154,3.375
Larva_154,1.125
Larva_154,0.6875
Larva_154,3.6875
Larva_154,3.1875
Larva_154,16.0
Larva_154,1.1875
Larva_154,1.125
Larva_154,10.8125
Larva_154,0.9375
Larva_154,0.75
Larva_154,0.6875
Larva_154,0.6875
Larva_154,2.75
Larva_154,1.25
Larva_154,5.6875
Larva_154,1.5
Larva_154,1.625
Larva_154,0.6875
Larva_154,7.875
Larva_154,9.8125
Larva_154,1.0
Larva_154,8.125
Larva_154,7.75
Larva_154,4.5625
Larva_154,7.3125
Larva_154,0.75
Larva_154,0.8125
Larva_156,2.25
Larva_156,17.0625
Larva_156,6.75
Larva_156,7.75
Larva_156,2.125
Larva_156,3.6875
Larva_156,1.3125
Larva_156,11.75
Larva_156,5.5625
Larva_156,0.8125
Larva_156,41.4375
Larva_156,5.8125
Larva_156,2.625
Larva_156,12.4375
Larva_156,2.6875
Larva_156,5.125
Larva_156,5.625
Larva_156,3.3125
Larva_156,2.5
Larva_157,1.375
Larva_157,9.4375
Larva_157,1.6875
Larva_157,5.3125
Larva_157,1.5
Larva_157,3.9375
Larva_157,0.5625
Larva_157,4.9375
Larva_157,13.75
Larva_157,0.5625
Larva_157,1.375
Larva_157,1.0625
Larva_157,3.4375
Larva_157,2.25
Larva_157,0.6875
Larva_157,5.3125
Larva_157,4.8125
Larva_157,1.75
Larva_157,1.0625
Larva_157,4.875
Larva_157,14.875
Larva_157,4.5625
Larva_157,2.4375
Larva_157,0.75
Larva_157,0.5625
Larva_157,12.3125
Larva_157,4.875
Larva_157,3.8125
Larva_157,1.4375
Larva_157,2.5
Larva_157,4.875
Larva_157,4.9375
Larva_157,0.9375
Larva_157,0.8125
Larva_157,1.6875
Larva_157,0.625
Larva_157,0.625
Larva_157,0.9375
Larva_157,7.5
Larva_159,1.0
Larva_159,1.0
Larva_159,2.0625
Larva_159,6.625
Larva_159,16.375
Larva_159,8.6875
Larva_159,15.375
Larva_159,1.0625
Larva_159,11.0
Larva_159,3.3125
Larva_159,2.0
Larva_159,3.3125
Larva_159,7.6875
Larva_159,9.75
Larva_159,0.5625
Larva_159,2.0625
Larva_159,4.9375
Larva_159,14.4375
Larva_159,3.375
Larva_159,3.375
Larva_159,3.375
Larva_159,1.1875
Larva_159,1.5
Larva_159,4.625
Larva_159,4.0
Larva_159,3.0625
Larva_159,0.6875
Larva_159,5.3125
Larva_16,1.5
Larva_16,0.8125
Larva_16,1.25
Larva_16,0.875
Larva_16,2.5
Larva_16,3.5
Larva_16,1.75
Larva_16,1.5
Larva_16,8.375
Larva_16,7.5625
Larva_16,2.875
Larva_16,0.6875
Larva_16,0.875
Larva_16,9.4375
Larva_16,2.4375
Larva_16,2.125
Larva_16,7.1875
Larva_16,2.6875
Larva_16,1.5625
Larva_16,0.75
Larva_16,1.5625
Larva_16,5.3125
Larva_16,2.5625
Larva_16,7.125
Larva_16,0.875
Larva_16,8.6875
Larva_16,4.4375
Larva_16,1.5
Larva_16,3.1875
Larva_16,2.5
Larva_16,1.75
Larva_16,0.75
Larva_16,1.4375
Larva_16,0.9375
Larva_16,1.5625
Larva_16,0.9375
Larva_16,0.9375
Larva_16,0.75
Larva_16,1.75
Larva_16,0.9375
Larva_16,0.6875
Larva_16,3.0625
Larva_16,1.6875
Larva_16,1.625
Larva_16,2.375
Larva_16,0.625
Larva_160,0.625
Larva_160,2.0
Larva_160,4.4375
Larva_160,0.5625
Larva_160,0.5625
Larva_160,5.9375
Larva_160,0.5625
Larva_160,0.75
Larva_160,1.9375
Larva_160,15.4375
Larva_160,0.6875
Larva_160,1.25
Larva_160,0.6875
Larva_160,0.9375
Larva_160,9.375
Larva_160,4.625
Larva_160,5.0625
Larva_160,0.5625
Larva_160,1.25
Larva_160,7.625
Larva_160,1.0625
Larva_160,0.6875
Larva_160,0.5625
Larva_160,2.6875
Larva_160,0.75
Larva_160,0.75
Larva_160,0.625
Larva_160,11.0625
Larva_160,7.5625
Larva_160,30.125
Larva_160,0.625
Larva_160,0.9375
Larva_160,0.5625
Larva_160,3.1875
Larva_160,0.75
Larva_160,0.75
Larva_160,14.0625
Larva_160,0.6875
Larva_160,2.6875
Larva_161,14.9375
Larva_161,8.1875
Larva_161,3.5
Larva_161,1.6875
Larva_161,2.0625
Larva_161,2.25
Larva_161,3.4375
Larva_161,12.0625
Larva_161,2.0
Larva_161,1.5625
Larva_161,4.25
Larva_161,13.8125
Larva_161,0.6875
Larva_161,17.0625
Larva_161,2.75
Larva_161,1.5
Larva_161,2.375
Larva_161,0.8125
Larva_161,8.625
Larva_161,0.625
Larva_161,6.4375
Larva_161,7.8125
Larva_161,2.1875
Larva_161,19.6875
Larva_162,0.8125
Larva_162,8.125
Larva_162,0.5
Larva_162,4.0
Larva_162,8.375
Larva_162,6.5
Larva_162,21.75
Larva_162,7.4375
Larva_162,4.1875
Larva_162,3.5
Larva_162,2.5625
Larva_162,45.4375
Larva_162,5.3125
Larva_162,6.4375
Larva_162,32.9375
Larva_163,4.3125
Larva_163,6.25
Larva_163,2.875
Larva_163,19.8125
Larva_163,0.4375
Larva_163,16.6875
Larva_163,15.4375
Larva_163,4.625
Larva_163,11.5
Larva_163,7.1875
Larva_163,3.1875
Larva_163,12.5
Larva_163,0.4375
Larva_163,4.3125
Larva_163,4.5625
Larva_163,2.375
Larva_163,5.375
Larva_163,7.125
Larva_163,6.125
Larva_163,10.375
Larva_163,3.6875
Larva_163,0.5
Larva_164,2.0
Larva_164,3.6875
Larva_164,0.625
Larva_164,2.125
Larva_164,7.375
Larva_164,1.8125
Larva_164,1.5
Larva_164,0.75
Larva_164,2.0625
Larva_164,0.6875
Larva_164,2.1875
Larva_164,4.5625
Larva_164,6.0
Larva_164,3.875
Larva_164,7.9375
Larva_164,4.5
Larva_164,6.5
Larva_164,3.625
Larva_164,1.4375
Larva_164,0.9375
Larva_164,1.625
Larva_164,1.625
Larva_164,1.4375
Larva_164,1.5
Larva_164,2.125
Larva_164,3.3125
Larva_164,0.75
Larva_164,0.625
Larva_164,1.5
Larva_164,6.25
Larva_164,0.6875
Larva_164,0.8125
Larva_164,2.625
Larva_164,2.125
Larva_164,7.4375
Larva_164,11.0625
Larva_164,1.375
Larva_166,2.0625
Larva_166,17.0
Larva_166,30.75
Larva_166,10.9375
Larva_166,1.5
Larva_166,0.875
Larva_166,22.1875
Larva_166,4.125
Larva_166,1.4375
Larva_166,4.0625
Larva_166,12.3125
Larva_166,2.375
Larva_166,9.4375
Larva_166,14.3125
Larva_166,9.75
Larva_167,2.5
Larva_167,45.0625
Larva_167,0.625
Larva_167,13.875
Larva_167,1.625
Larva_167,2.5
Larva_167,2.125
Larva_167,57.875
Larva_167,8.125
Larva_167,3.75
Larva_167,27.875
Larva_168,4.5
Larva_168,0.5
Larva_168,13.3125
Larva_168,3.125
Larva_168,5.8125
Larva_168,2.875
Larva_168,10.125
Larva_168,3.8125
Larva_168,13.0625
Larva_168,5.25
Larva_168,1.625
Larva_168,2.375
Larva_168,5.5
Larva_168,0.5625
Larva_168,11.25
Larva_168,2.0625
Larva_168,35.0
Larva_168,2.9375
Larva_168,12.625
Larva_168,8.4375
Larva_168,6.5
Larva_168,1.1875
Larva_170,33.5625
Larva_170,17.125
Larva_170,4.6875
Larva_170,39.625
Larva_170,16.5625
Larva_170,37.8125
Larva_170,1.625
Larva_171,1.4375
Larva_171,1.375
Larva_171,0.4375
Larva_171,0.75
Larva_171,16.6875
Larva_171,7.5
Larva_171,3.1875
Larva_171,8.375
Larva_171,0.5625
Larva_171,5.1875
Larva_171,1.375
Larva_171,11.375
Larva_171,8.875
Larva_171,1.0
Larva_171,0.4375
Larva_171,2.25
Larva_171,1.375
Larva_171,2.0625
Larva_171,17.9375
Larva_171,1.75
Larva_171,1.5
Larva_171,1.9375
Larva_171,44.0
Larva_172,34.0625
Larva_172,24.9375
Larva_172,7.0
Larva_172,11.375
Larva_172,17.3125
Larva_172,3.75
Larva_172,24.625
Larva_172,2.125
Larva_172,0.8125
Larva_172,17.875
Larva_172,1.6875
Larva_172,8.0625
Larva_172,3.625
Larva_172,1.5
Larva_173,5.0
Larva_173,4.0625
Larva_173,0.9375
Larva_173,14.8125
Larva_173,1.375
Larva_173,11.9375
Larva_173,1.625
Larva_173,1.0625
Larva_173,0.5
Larva_173,0.625
Larva_173,10.5
Larva_173,0.5
Larva_173,2.25
Larva_173,5.5625
Larva_173,1.125
Larva_173,7.4375
Larva_173,1.0625
Larva_173,0.4375
Larva_173,1.5625
Larva_173,0.8125
Larva_173,7.5625
Larva_173,33.625
Larva_173,6.8125
Larva_173,3.25
Larva_173,0.5625
Larva_173,2.4375
Larva_173,0.75
Larva_174,1.3125
Larva_174,12.25
Larva_174,93.1875
Larva_174,17.3125
Larva_174,6.8125
Larva_174,3.125
Larva_174,4.875
Larva_174,3.875
Larva_174,27.8125
Larva_174,0.5625
Larva_175,27.375
Larva_175,7.375
Larva_175,2.625
Larva_175,9.8125
Larva_175,4.125
Larva_175,23.0625
Larva_175,9.125
Larva_175,4.0625
Larva_175,21.125
Larva_175,48.0
Larva_177,0.5
Larva_177,38.4375
Larva_177,39.125
Larva_177,5.1875
Larva_177,3.5625
Larva_177,11.0625
Larva_177,39.3125
Larva_177,9.0625
Larva_177,3.375
Larva_177,4.5
Larva_177,4.4375
Larva_178,3.375
Larva_178,2.5625
Larva_178,4.75
Larva_178,0.875
Larva_178,3.0625
Larva_178,0.6875
Larva_178,1.625
Larva_178,9.0
Larva_178,0.9375
Larva_178,0.6875
Larva_178,1.8125
Larva_178,3.9375
Larva_178,2.0625
Larva_178,2.6875
Larva_178,1.5625
Larva_178,6.1875
Larva_178,2.0
Larva_178,0.6875
Larva_178,0.625
Larva_178,0.8125
Larva_178,7.3125
Larva_178,11.0
Larva_178,27.6875
Larva_178,3.1875
Larva_178,0.625
Larva_178,3.5
Larva_178,6.5
Larva_178,0.6875
Larva_178,4.25
Larva_178,1.3125
Larva_178,1.4375
Larva_178,1.375
Larva_178,1.4375
Larva_178,2.625
Larva_178,3.5
Larva_178,2.25
Larva_178,0.5
Larva_179,5.3125
Larva_179,3.375
Larva_179,0.8125
Larva_179,7.875
Larva_179,1.125
Larva_179,7.75
Larva_179,2.75
Larva_179,34.875
Larva_179,4.5
Larva_179,1.25
Larva_179,0.875
Larva_179,13.9375
Larva_179,9.75
Larva_179,1.125
Larva_179,2.0625
Larva_179,1.5625
Larva_179,5.625
Larva_179,3.4375
Larva_179,5.375
Larva_179,1.875
Larva_179,4.9375
Larva_179,10.5625
Larva_179,2.4375
Larva_179,3.0625
Larva_179,2.6875
Larva_179,1.6875
Larva_18,0.625
Larva_18,0.8125
Larva_18,0.6875
Larva_18,0.75
Larva_18,3.0
Larva_18,2.8125
Larva_18,2.0625
Larva_18,3.5
Larva_18,1.625
Larva_18,0.75
Larva_18,0.625
Larva_18,0.6875
Larva_18,0.6875
Larva_18,1.5625
Larva_18,1.0
Larva_18,0.625
Larva_18,2.625
Larva_18,0.6875
Larva_18,2.375
Larva_18,7.125
Larva_18,14.75
Larva_18,0.875
Larva_18,0.75
Larva_18,0.6875
Larva_18,0.8125
Larva_18,3.125
Larva_18,4.375
Larva_18,0.8125
Larva_18,14.3125
Larva_18,1.0
Larva_18,1.375
Larva_18,2.375
Larva_18,0.625
Larva_18,0.6875
Larva_18,0.625
Larva_18,3.875
Larva_18,0.6875
Larva_18,1.3125
Larva_18,3.0
Larva_18,2.375
Larva_18,0.6875
Larva_18,1.5625
Larva_18,0.625
Larva_18,3.8125
Larva_18,2.3125
Larva_18,2.8125
Larva_18,0.625
Larva_18,3.0
Larva_18,0.75
Larva_180,0.5625
Larva_180,3.0
Larva_180,10.6875
Larva_180,3.6875
Larva_180,2.125
Larva_180,1.5625
Larva_180,4.1875
Larva_180,21.75
Larva_180,1.25
Larva_180,18.4375
Larva_180,4.8125
Larva_180,5.75
Larva_180,9.9375
Larva_180,18.9375
Larva_180,8.4375
Larva_180,4.125
Larva_180,0.5625
Larva_180,0.5625
Larva_180,4.375
Larva_180,2.375
Larva_180,7.4375
Larva_180,1.0625
Larva_180,1.5
Larva_181,1.125
Larva_181,0.875
Larva_181,7.8125
Larva_181,23.0
Larva_181,7.25
Larva_181,4.25
Larva_181,9.375
Larva_181,0.5
Larva_181,1.5625
Larva_181,12.9375
Larva_181,0.875
Larva_181,7.4375
Larva_181,4.5625
Larva_181,2.5625
Larva_181,5.6875
Larva_181,1.375
Larva_181,0.5625
Larva_181,2.875
Larva_181,3.25
Larva_181,4.6875
Larva_181,2.5
Larva_181,1.875
Larva_181,5.0625
Larva_181,0.8125
Larva_181,1.375
Larva_181,12.6875
Larva_181,1.6875
Larva_181,1.375
Larva_181,4.75
Larva_181,0.75
Larva_182,2.75
Larva_182,12.6875
Larva_182,12.8125
Larva_182,3.875
Larva_182,2.875
Larva_182,4.875
Larva_182,20.625
Larva_182,19.75
Larva_182,7.3125
Larva_182,42.875
Larva_182,3.1875
Larva_182,4.5
Larva_182,6.0625
Larva_182,11.25
Larva_183,17.75
Larva_183,27.875
Larva_183,5.9375
Larva_183,2.25
Larva_183,19.375
Larva_183,3.6875
Larva_183,2.1875
Larva_183,3.8125
Larva_183,6.8125
Larva_183,28.3125
Larva_183,9.875
Larva_183,16.0
Larva_184,3.8125
Larva_184,1.3125
Larva_184,6.1875
Larva_184,11.125
Larva_184,1.25
Larva_184,0.5625
Larva_184,8.0
Larva_184,1.0625
Larva_184,3.75
Larva_184,6.5
Larva_184,7.3125
Larva_184,1.3125
Larva_184,3.0625
Larva_184,8.0
Larva_184,2.875
Larva_184,1.125
Larva_184,9.5
Larva_184,1.0625
Larva_184,2.1875
Larva_184,6.8125
Larva_184,3.1875
Larva_184,1.5625
Larva_184,1.1875
Larva_184,1.0625
Larva_184,1.5
Larva_184,2.625
Larva_184,2.9375
Larva_184,4.875
Larva_184,1.125
Larva_184,4.4375
Larva_184,2.0
Larva_184,0.5625
Larva_184,0.5625
Larva_184,13.9375
Larva_184,0.9375
Larva_184,1.375
Larva_184,3.5
Larva_184,1.3125
Larva_184,2.5625
Larva_184,4.5625
Larva_184,1.75
Larva_185,1.375
Larva_185,2.8125
Larva_185,1.375
Larva_185,2.625
Larva_185,5.5
Larva_185,0.9375
Larva_185,0.75
Larva_185,3.25
Larva_185,4.0
Larva_185,1.5625
Larva_185,3.9375
Larva_185,20.6875
Larva_185,33.1875
Larva_185,2.375
Larva_185,2.0
Larva_185,8.1875
Larva_185,1.9375
Larva_185,7.5625
Larva_185,5.8125
Larva_185,2.5625
Larva_185,2.5625
Larva_185,2.9375
Larva_185,9.6875
Larva_185,2.4375
Larva_185,6.0
Larva_186,0.6875
Larva_186,2.4375
Larva_186,13.5625
Larva_186,3.25
Larva_186,2.4375
Larva_186,0.875
Larva_186,12.0625
Larva_186,2.4375
Larva_186,25.75
Larva_186,4.0625
Larva_186,0.5
Larva_186,5.875
Larva_186,11.0625
Larva_186,0.8125
Larva_186,1.125
Larva_186,9.5625
Larva_186,0.75
Larva_186,1.5
Larva_186,2.125
Larva_186,9.5625
Larva_186,18.75
Larva_186,3.875
Larva_186,2.5
Larva_186,0.5
Larva_187,40.875
Larva_187,107.125
Larva_187,21.0625
Larva_187,4.1875
Larva_188,1.0
Larva_188,0.625
Larva_188,13.6875
Larva_188,2.875
Larva_188,9.9375
Larva_188,2.25
Larva_188,35.8125
Larva_188,4.125
Larva_188,2.375
Larva_188,1.25
Larva_188,1.75
Larva_188,0.8125
Larva_188,3.0
Larva_188,8.0
Larva_188,9.0625
Larva_188,0.9375
Larva_188,2.5625
Larva_188,4.125
Larva_188,0.6875
Larva_188,1.25
Larva_188,3.5625
Larva_188,2.375
Larva_188,9.3125
Larva_188,2.0625
Larva_188,7.1875
Larva_188,0.75
Larva_188,0.5625
Larva_188,1.3125
Larva_189,24.9375
Larva_189,9.6875
Larva_189,1.0625
Larva_189,11.125
Larva_189,40.0625
Larva_189,11.625
Larva_189,4.625
Larva_189,0.75
Larva_189,4.8125
Larva_189,7.0625
Larva_189,18.6875
Larva_189,2.1875
Larva_189,8.0625
Larva_189,14.5
Larva_19,3.625
Larva_19,4.3125
Larva_19,3.1875
Larva_19,7.8125
Larva_19,20.8125
Larva_19,3.625
Larva_19,2.75
Larva_19,2.5
Larva_19,2.4375
Larva_19,1.0
Larva_19,6.75
Larva_19,5.25
Larva_19,10.75
Larva_19,2.25
Larva_19,2.6875
Larva_19,4.5
Larva_19,5.5625
Larva_19,0.6875
Larva_19,7.5
Larva_19,1.5625
Larva_19,7.6875
Larva_19,0.75
Larva_19,2.5
Larva_19,2.625
Larva_19,1.0
Larva_19,1.875
Larva_19,0.6875
Larva_19,5.625
Larva_19,4.375
Larva_19,1.8125
Larva_19,0.75
Larva_19,9.0
Larva_19,1.5625
Larva_19,8.5
Larva_190,14.25
Larva_190,30.875
Larva_190,4.3125
Larva_190,18.875
Larva_190,8.6875
Larva_190,31.0
Larva_190,30.625
Larva_190,16.3125
Larva_190,5.25
Larva_191,29.3125
Larva_191,101.375
Larva_191,43.0625
Larva_191,0.875
Larva_192,74.75
Larva_192,32.625
Larva_192,17.3125
Larva_192,28.8125
Larva_195,40.8125
Larva_195,6.875
Larva_195,5.4375
Larva_195,5.875
Larva_195,2.3125
Larva_195,58.9375
Larva_195,6.625
Larva_195,2.0625
Larva_195,7.8125
Larva_195,12.4375
Larva_195,2.125
Larva_196,51.9375
Larva_196,0.5625
Larva_196,32.9375
Larva_196,14.5
Larva_196,64.3125
Larva_197,1.3125
Larva_197,15.9375
Larva_197,8.3125
Larva_197,11.125
Larva_197,11.4375
Larva_197,13.3125
Larva_197,17.6875
Larva_197,57.0
Larva_197,6.875
Larva_197,24.875
Larva_198,0.75
Larva_198,25.0
Larva_198,7.1875
Larva_198,1.375
Larva_198,3.625
Larva_198,11.25
Larva_198,9.3125
Larva_198,3.5
Larva_198,3.875
Larva_198,3.875
Larva_198,2.6875
Larva_198,1.0
Larva_198,36.5
Larva_198,17.875
Larva_198,2.4375
Larva_198,4.625
Larva_198,5.75
Larva_2,17.25
Larva_2,3.25
Larva_2,3.75
Larva_2,16.375
Larva_2,35.8125
Larva_2,1.25
Larva_2,10.625
Larva_2,1.0
Larva_2,2.125
Larva_2,9.625
Larva_2,6.0625
Larva_2,7.8125
Larva_2,13.75
Larva_2,5.8125
Larva_2,11.0
Larva_2,3.5625
Larva_2,0.375
Larva_20,3.1875
Larva_20,17.9375
Larva_20,20.875
Larva_20,7.375
Larva_20,60.8125
Larva_20,27.25
Larva_20,21.375
Larva_201,3.0
Larva_201,3.0
Larva_201,1.0
Larva_201,0.5
Larva_201,1.5625
Larva_201,10.3125
Larva_201,3.5625
Larva_201,7.6875
Larva_201,7.25
Larva_201,5.1875
Larva_201,1.8125
Larva_201,3.8125
Larva_201,16.0
Larva_201,3.875
Larva_201,0.8125
Larva_201,1.5625
Larva_201,0.5625
Larva_201,4.375
Larva_201,1.25
Larva_201,1.125
Larva_201,0.5625
Larva_201,3.0
Larva_201,4.4375
Larva_201,1.625
Larva_201,3.6875
Larva_201,5.125
Larva_201,5.375
Larva_201,5.375
Larva_201,0.375
Larva_201,1.375
Larva_201,1.875
Larva_201,1.9375
Larva_201,4.375
Larva_201,3.0
Larva_201,1.5
Larva_202,31.9375
Larva_202,4.0625
Larva_202,11.875
Larva_202,2.125
Larva_202,0.5625
Larva_202,12.0625
Larva_202,9.25
Larva_202,2.25
Larva_202,4.625
Larva_202,8.4375
Larva_202,19.1875
Larva_202,1.0625
Larva_202,7.375
Larva_202,3.1875
Larva_202,3.375
Larva_202,6.3125
Larva_202,1.8125
Larva_202,0.6875
Larva_202,12.0
Larva_203,3.375
Larva_203,0.875
Larva_203,2.75
Larva_203,0.5625
Larva_203,6.4375
Larva_203,2.25
Larva_203,2.375
Larva_203,1.75
Larva_203,2.1875
Larva_203,1.9375
Larva_203,2.5
Larva_203,9.625
Larva_203,5.9375
Larva_203,5.8125
Larva_203,3.125
Larva_203,19.375
Larva_203,1.1875
Larva_203,3.125
Larva_203,6.375
Larva_203,5.1875
Larva_203,15.1875
Larva_203,2.625
Larva_203,3.875
Larva_203,0.5625
Larva_203,2.1875
Larva_203,0.5625
Larva_203,3.5625
Larva_203,0.875
Larva_203,3.0
Larva_203,6.75
Larva_203,7.5
Larva_203,2.25
Larva_205,3.375
Larva_205,3.8125
Larva_205,2.0625
Larva_205,2.375
Larva_205,5.5625
Larva_205,6.125
Larva_205,7.375
Larva_205,2.375
Larva_205,3.125
Larva_205,3.5
Larva_205,1.4375
Larva_205,1.875
Larva_205,8.875
Larva_205,0.9375
Larva_205,6.0625
Larva_205,5.875
Larva_205,1.25
Larva_205,4.5
Larva_205,0.5625
Larva_205,5.125
Larva_205,2.4375
Larva_205,7.25
Larva_205,0.5
Larva_205,2.0
Larva_205,5.25
Larva_205,0.5625
Larva_205,0.75
Larva_205,0.6875
Larva_205,6.25
Larva_205,17.375
Larva_205,2.6875
Larva_205,1.6875
Larva_205,4.25
Larva_205,7.9375
Larva_206,8.0625
Larva_206,1.9375
Larva_206,3.6875
Larva_206,8.125
Larva_206,3.625
Larva_206,3.75
Larva_206,1.375
Larva_206,0.4375
Larva_206,4.875
Larva_206,46.625
Larva_206,2.125
Larva_206,11.9375
Larva_206,0.5
Larva_206,1.5625
Larva_206,2.6875
Larva_206,1.1875
Larva_206,5.75
Larva_206,1.0625
Larva_206,0.875
Larva_206,1.375
Larva_206,0.375
Larva_206,0.75
Larva_206,3.0
Larva_206,3.5
Larva_206,3.25
Larva_206,7.0
Larva_206,7.25
Larva_206,0.75
Larva_207,1.75
Larva_207,5.5
Larva_207,1.75
Larva_207,1.8125
Larva_207,0.625
Larva_207,3.125
Larva_207,7.4375
Larva_207,1.625
Larva_207,5.25
Larva_207,13.5
Larva_207,28.5
Larva_207,5.25
Larva_207,2.375
Larva_207,1.6875
Larva_207,15.25
Larva_207,3.25
Larva_207,1.125
Larva_207,14.125
Larva_207,3.25
Larva_207,1.875
Larva_207,4.9375
Larva_207,4.5625
Larva_207,13.1875
Larva_208,4.25
Larva_208,3.0625
Larva_208,9.5625
Larva_208,1.3125
Larva_208,0.4375
Larva_208,1.8125
Larva_208,0.625
Larva_208,6.0
Larva_208,15.0625
Larva_208,4.5
Larva_208,2.75
Larva_208,1.25
Larva_208,1.8125
Larva_208,0.4375
Larva_208,3.75
Larva_208,1.8125
Larva_208,4.5625
Larva_208,1.1875
Larva_208,0.625
Larva_208,0.5
Larva_208,5.375
Larva_208,0.5625
Larva_208,0.5
Larva_208,34.4375
Larva_208,2.1875
Larva_208,2.75
Larva_208,0.9375
Larva_208,0.8125
Larva_208,0.75
Larva_208,13.3125
Larva_208,0.75
Larva_208,3.375
Larva_208,0.5
Larva_209,75.6875
Larva_209,1.0625
Larva_209,8.0
Larva_209,8.25
Larva_209,1.625
Larva_209,0.4375
Larva_209,0.8125
Larva_209,13.75
Larva_209,26.0
Larva_209,17.125
Larva_210,5.5
Larva_210,0.6875
Larva_210,7.4375
Larva_210,1.1875
Larva_210,2.375
Larva_210,1.9375
Larva_210,13.25
Larva_210,9.25
Larva_210,3.0
Larva_210,7.5625
Larva_210,0.6875
Larva_210,0.625
Larva_210,2.3125
Larva_210,0.75
Larva_210,2.1875
Larva_210,0.5625
Larva_210,0.6875
Larva_210,3.5625
Larva_210,1.4375
Larva_210,0.8125
Larva_210,0.5625
Larva_210,3.25
Larva_210,3.0
Larva_210,6.125
Larva_210,7.875
Larva_210,2.1875
Larva_210,2.875
Larva_210,9.125
Larva_210,3.9375
Larva_210,14.8125
Larva_210,3.4375
Larva_210,2.875
Larva_210,7.625
Larva_210,0.8125
Larva_210,1.8125
Larva_210,2.875
Larva_210,1.5
Larva_214,4.625
Larva_214,10.9375
Larva_214,8.8125
Larva_214,6.25
Larva_214,5.9375
Larva_214,0.75
Larva_214,1.0
Larva_214,1.8125
Larva_214,0.625
Larva_214,0.8125
Larva_214,2.875
Larva_214,4.75
Larva_214,0.625
Larva_214,2.625
Larva_214,0.75
Larva_214,4.4375
Larva_214,2.25
Larva_214,1.25
Larva_214,4.25
Larva_214,17.25
Larva_214,0.75
Larva_214,4.5
Larva_214,5.25
Larva_214,1.5
Larva_214,13.625
Larva_214,0.75
Larva_214,1.6875
Larva_214,0.6875
Larva_214,0.875
Larva_214,1.0
Larva_214,3.75
Larva_214,0.625
Larva_214,0.625
Larva_214,2.8125
Larva_214,21.0
Larva_214,0.75
Larva_214,0.8125
Larva_215,0.625
Larva_215,0.8125
Larva_215,3.125
Larva_215,1.5625
Larva_215,5.5
Larva_215,2.375
Larva_215,0.625
Larva_215,0.875
Larva_215,0.75
Larva_215,0.875
Larva_215,2.0
Larva_215,1.5
Larva_215,2.375
Larva_215,1.625
Larva_215,0.8125
Larva_215,2.4375
Larva_215,4.75
Larva_215,1.0
Larva_215,2.5
Larva_215,0.75
Larva_215,0.625
Larva_215,1.0625
Larva_215,0.875
Larva_215,2.8125
Larva_215,8.8125
Larva_215,0.9375
Larva_215,3.0625
Larva_215,2.75
Larva_215,0.875
Larva_215,3.3125
Larva_215,1.6875
Larva_215,1.0625
Larva_215,3.1875
Larva_215,6.9375
Larva_215,0.9375
Larva_215,1.6875
Larva_215,1.5
Larva_215,1.6875
Larva_215,2.3125
Larva_215,1.5625
Larva_215,0.625
Larva_215,3.1875
Larva_215,0.75
Larva_215,8.375
Larva_215,0.875
Larva_215,3.375
Larva_215,0.8125
Larva_215,0.875
Larva_215,0.6875
Larva_215,2.6875
Larva_215,2.625
Larva_215,2.75
Larva_215,1.5625
Larva_215,7.625
Larva_217,0.5
Larva_217,6.1875
Larva_217,4.4375
Larva_217,0.75
Larva_217,1.6875
Larva_217,6.125
Larva_217,3.75
Larva_217,0.8125
Larva_217,4.8125
Larva_217,3.8125
Larva_217,1.875
Larva_217,0.6875
Larva_217,0.4375
Larva_217,1.6875
Larva_217,5.0
Larva_217,2.0625
Larva_217,11.5625
Larva_217,0.9375
Larva_217,1.0625
Larva_217,1.6875
Larva_217,1.1875
Larva_217,0.6875
Larva_217,1.0625
Larva_217,3.5625
Larva_217,1.3125
Larva_217,12.625
Larva_217,9.75
Larva_217,0.625
Larva_217,5.4375
Larva_217,3.8125
Larva_217,1.8125
Larva_217,0.75
Larva_217,0.6875
Larva_217,6.4375
Larva_217,1.5
Larva_218,2.8125
Larva_218,6.3125
Larva_218,1.875
Larva_218,5.9375
Larva_218,3.125
Larva_218,1.125
Larva_218,0.6875
Larva_218,1.5
Larva_218,0.75
Larva_218,7.8125
Larva_218,1.9375
Larva_218,3.25
Larva_218,1.4375
Larva_218,0.75
Larva_218,0.875
Larva_218,2.3125
Larva_218,1.25
Larva_218,1.3125
Larva_218,1.0625
Larva_218,0.9375
Larva_218,3.5
Larva_218,0.875
Larva_218,0.875
Larva_218,0.6875
Larva_218,6.4375
Larva_218,2.0
Larva_218,2.625
Larva_218,0.875
Larva_218,5.4375
Larva_218,0.9375
Larva_218,0.8125
Larva_218,0.625
Larva_218,2.1875
Larva_218,3.0
Larva_218,5.0
Larva_218,5.875
Larva_218,1.6875
Larva_218,7.6875
Larva_218,1.125
Larva_218,3.625
Larva_218,0.75
Larva_218,2.25
Larva_218,3.0625
Larva_218,0.6875
Larva_218,0.6875
Larva_218,3.75
Larva_218,1.1875
Larva_218,1.3125
Larva_218,1.0
Larva_218,2.875
Larva_218,0.9375
Larva_22,1.9375
Larva_22,2.125
Larva_22,2.6875
Larva_22,2.375
Larva_22,1.625
Larva_22,3.9375
Larva_22,5.125
Larva_22,0.6875
Larva_22,2.25
Larva_22,0.8125
Larva_22,1.375
Larva_22,3.8125
Larva_22,12.625
Larva_22,1.25
Larva_22,4.6875
Larva_22,2.0625
Larva_22,4.5
Larva_22,3.75
Larva_22,0.625
Larva_22,0.625
Larva_22,5.9375
Larva_22,0.6875
Larva_22,1.1875
Larva_22,1.4375
Larva_22,4.6875
Larva_22,3.375
Larva_22,2.3125
Larva_22,0.6875
Larva_22,3.4375
Larva_22,1.375
Larva_22,2.75
Larva_22,5.75
Larva_22,1.5
Larva_22,1.5
Larva_22,1.0625
Larva_22,0.75
Larva_22,10.0625
Larva_22,1.6875
Larva_22,0.625
Larva_22,6.1875
Larva_22,1.375
Larva_223,3.5625
Larva_223,3.125
Larva_223,9.625
Larva_223,10.875
Larva_223,6.4375
Larva_223,109.0625
Larva_223,11.0625
Larva_223,3.5625
Larva_223,2.4375
Larva_224,4.9375
Larva_224,1.9375
Larva_224,20.6875
Larva_224,1.3125
Larva_224,31.125
Larva_224,16.9375
Larva_224,10.9375
Larva_224,22.0
Larva_224,58.625
Larva_226,4.0
Larva_226,0.75
Larva_226,1.625
Larva_226,1.5625
Larva_226,1.1875
Larva_226,3.1875
Larva_226,7.1875
Larva_226,1.5625
Larva_226,0.75
Larva_226,5.25
Larva_226,0.75
Larva_226,10.625
Larva_226,2.625
Larva_226,1.375
Larva_226,24.8125
Larva_226,19.5
Larva_226,1.0
Larva_226,1.5
Larva_226,1.5625
Larva_226,1.625
Larva_226,11.6875
Larva_226,20.375
Larva_226,2.375
Larva_226,1.125
Larva_226,7.8125
Larva_228,3.125
Larva_228,3.0
Larva_228,1.75
Larva_228,4.9375
Larva_228,40.0625
Larva_228,6.3125
Larva_228,2.5625
Larva_228,6.5625
Larva_228,2.125
Larva_228,6.75
Larva_228,1.3125
Larva_228,5.0625
Larva_228,3.875
Larva_228,6.5
Larva_228,3.5625
Larva_228,2.0
Larva_228,1.4375
Larva_228,52.0625
Larva_228,5.9375
Larva_229,25.0
Larva_229,7.625
Larva_229,1.375
Larva_229,15.5625
Larva_229,0.8125
Larva_229,0.9375
Larva_229,8.375
Larva_229,14.25
Larva_229,17.125
Larva_229,1.75
Larva_229,11.25
Larva_229,14.0
Larva_229,2.0
Larva_229,11.1875
Larva_229,2.5625
Larva_229,4.1875
Larva_229,0.625
Larva_229,4.875
Larva_229,4.875
Larva_229,4.6875
Larva_23,8.375
Larva_23,8.375
Larva_23,1.375
Larva_23,5.625
Larva_23,0.9375
Larva_23,5.25
Larva_23,2.4375
Larva_23,2.25
Larva_23,1.8125
Larva_23,4.1875
Larva_23,9.625
Larva_23,3.5625
Larva_23,10.4375
Larva_23,1.875
Larva_23,6.6875
Larva_23,3.0
Larva_23,1.5625
Larva_23,18.5625
Larva_23,5.4375
Larva_23,0.375
Larva_23,0.5
Larva_23,0.625
Larva_23,10.5
Larva_23,3.5
Larva_23,9.3125
Larva_23,1.0
Larva_23,8.375
Larva_23,3.375
Larva_230,7.4375
Larva_230,2.5
Larva_230,9.875
Larva_230,3.625
Larva_230,13.6875
Larva_230,1.625
Larva_230,5.875
Larva_230,8.875
Larva_230,20.1875
Larva_230,81.8125
Larva_230,1.625
Larva_231,13.6875
Larva_231,60.9375
Larva_231,49.9375
Larva_231,18.9375
Larva_231,10.3125
Larva_231,15.8125
Larva_231,3.125
Larva_233,0.5625
Larva_233,2.3125
Larva_233,18.0625
Larva_233,2.25
Larva_233,3.375
Larva_233,12.0
Larva_233,1.3125
Larva_233,0.4375
Larva_233,24.0
Larva_233,3.25
Larva_233,3.3125
Larva_233,4.125
Larva_233,1.0
Larva_233,0.6875
Larva_233,0.625
Larva_233,0.5625
Larva_233,12.25
Larva_233,5.375
Larva_233,7.0625
Larva_233,7.0625
Larva_233,0.8125
Larva_233,2.625
Larva_233,1.375
Larva_233,1.5625
Larva_233,4.5625
Larva_233,1.0
Larva_233,14.0625
Larva_233,5.0
Larva_233,2.8125
Larva_234,0.9375
Larva_234,0.5625
Larva_234,6.5625
Larva_234,1.1875
Larva_234,0.5625
Larva_234,8.5
Larva_234,0.5
Larva_234,1.0
Larva_234,10.0
Larva_234,1.6875
Larva_234,0.875
Larva_234,11.125
Larva_234,2.5
Larva_234,5.75
Larva_234,3.4375
Larva_234,1.0
Larva_234,4.6875
Larva_234,6.6875
Larva_234,10.1875
Larva_234,18.5625
Larva_234,11.8125
Larva_234,6.125
Larva_234,2.6875
Larva_234,1.8125
Larva_234,10.75
Larva_234,2.9375
Larva_234,13.0
Larva_236,3.75
Larva_236,2.0625
Larva_236,0.4375
Larva_236,2.3125
Larva_236,0.5625
Larva_236,3.625
Larva_236,0.5625
Larva_236,2.4375
Larva_236,3.375
Larva_236,6.6875
Larva_236,0.5
Larva_236,5.5625
Larva_236,1.0
Larva_236,1.25
Larva_236,1.8125
Larva_236,4.9375
Larva_236,0.4375
Larva_236,7.125
Larva_236,11.4375
Larva_236,0.375
Larva_236,3.625
Larva_236,4.75
Larva_236,2.1875
Larva_236,3.0625
Larva_236,3.9375
Larva_236,3.1875
Larva_236,4.125
Larva_236,2.8125
Larva_236,3.6875
Larva_236,0.6875
Larva_236,1.0
Larva_236,2.5625
Larva_236,2.6875
Larva_236,5.3125
Larva_236,3.375
Larva_236,0.75
Larva_236,3.25
Larva_236,0.9375
Larva_236,1.5
Larva_238,11.0625
Larva_238,3.625
Larva_238,4.4375
Larva_238,3.0
Larva_238,7.0
Larva_238,16.875
Larva_238,0.8125
Larva_238,12.25
Larva_238,0.5
Larva_238,10.0
Larva_238,0.5625
Larva_238,0.625
Larva_238,5.8125
Larva_238,7.0625
Larva_238,0.8125
Larva_238,2.375
Larva_238,0.625
Larva_238,28.75
Larva_238,3.8125
Larva_238,3.75
Larva_238,0.75
Larva_238,20.4375
Larva_240,1.5
Larva_240,0.5625
Larva_240,1.5
Larva_240,0.5625
Larva_240,6.75
Larva_240,14.8125
Larva_240,8.375
Larva_240,7.6875
Larva_240,2.3125
Larva_240,4.75
Larva_240,1.125
Larva_240,7.8125
Larva_240,1.875
Larva_240,11.5
Larva_240,0.75
Larva_240,6.375
Larva_240,9.8125
Larva_240,1.1875
Larva_240,10.0625
Larva_240,3.125
Larva_240,6.1875
Larva_240,0.875
Larva_240,18.5625
Larva_240,3.5625
Larva_241,4.0625
Larva_241,1.0
Larva_241,0.8125
Larva_241,0.6875
Larva_241,9.0625
Larva_241,4.0625
Larva_241,11.0
Larva_241,4.8125
Larva_241,1.3125
Larva_241,1.125
Larva_241,2.25
Larva_241,3.9375
Larva_241,26.5
Larva_241,1.375
Larva_241,1.5625
Larva_241,3.0
Larva_241,0.5
Larva_241,0.6875
Larva_241,0.5
Larva_241,0.6875
Larva_241,54.5625
Larva_243,5.25
Larva_243,2.9375
Larva_243,0.75
Larva_243,5.3125
Larva_243,5.4375
Larva_243,6.0
Larva_243,4.0
Larva_243,1.1875
Larva_243,4.25
Larva_243,0.6875
Larva_243,7.0
Larva_243,7.0625
Larva_243,0.5
Larva_243,2.4375
Larva_243,7.375
Larva_243,1.1875
Larva_243,6.8125
Larva_243,1.0
Larva_243,1.75
Larva_243,8.25
Larva_243,5.9375
Larva_243,1.6875
Larva_243,0.9375
Larva_243,1.25
Larva_243,2.0625
Larva_243,0.6875
Larva_243,10.0
Larva_243,1.0625
Larva_243,8.375
Larva_243,6.4375
Larva_243,0.6875
Larva_243,0.5
Larva_243,7.5625
Larva_243,1.5
Larva_243,1.4375
Larva_243,1.6875
Larva_244,9.25
Larva_244,1.5625
Larva_244,8.5
Larva_244,0.9375
Larva_244,4.1875
Larva_244,5.3125
Larva_244,1.25
Larva_244,1.5
Larva_244,2.3125
Larva_244,4.5
Larva_244,1.25
Larva_244,5.5625
Larva_244,3.0
Larva_244,4.5625
Larva_244,1.5625
Larva_244,0.625
Larva_244,0.4375
Larva_244,0.5625
Larva_244,21.6875
Larva_244,0.625
Larva_244,0.875
Larva_244,1.0625
Larva_244,3.5625
Larva_244,0.4375
Larva_244,6.9375
Larva_244,0.75
Larva_244,4.6875
Larva_244,1.0625
Larva_244,1.9375
Larva_244,7.0
Larva_244,1.1875
Larva_244,6.5625
Larva_244,1.375
Larva_244,2.375
Larva_244,1.9375
Larva_244,1.5625
Larva_244,9.75
Larva_245,12.1875
Larva_245,12.3125
Larva_245,5.875
Larva_245,1.5
Larva_245,0.5625
Larva_245,5.0625
Larva_245,1.4375
Larva_245,3.0
Larva_245,2.875
Larva_245,1.5
Larva_245,0.875
Larva_245,6.5625
Larva_245,0.625
Larva_245,2.5625
Larva_245,0.9375
Larva_245,1.75
Larva_245,2.0625
Larva_245,2.625
Larva_245,2.625
Larva_245,5.8125
Larva_245,0.8125
Larva_245,1.75
Larva_245,2.4375
Larva_245,1.125
Larva_245,0.5625
Larva_245,1.375
Larva_245,2.9375
Larva_245,0.625
Larva_245,0.5
Larva_245,15.9375
Larva_245,5.625
Larva_245,11.5625
Larva_245,0.9375
Larva_245,1.75
Larva_245,0.5625
Larva_245,4.6875
Larva_245,5.0
Larva_246,0.625
Larva_246,7.1875
Larva_246,1.625
Larva_246,1.5
Larva_246,4.375
Larva_246,3.75
Larva_246,10.25
Larva_246,2.4375
Larva_246,2.3125
Larva_246,5.0625
Larva_246,1.5
Larva_246,0.5625
Larva_246,1.75
Larva_246,2.8125
Larva_246,5.625
Larva_246,8.0
Larva_246,1.375
Larva_246,1.375
Larva_246,1.0625
Larva_246,0.875
Larva_246,0.6875
Larva_246,3.5625
Larva_246,0.5625
Larva_246,6.625
Larva_246,0.875
Larva_246,0.5625
Larva_246,1.4375
Larva_246,4.0
Larva_246,1.4375
Larva_246,1.0
Larva_246,7.0
Larva_246,4.625
Larva_246,2.625
Larva_246,0.5625
Larva_246,6.375
Larva_246,4.0625
Larva_246,1.25
Larva_246,9.375
Larva_246,6.4375
Larva_246,2.8125
Larva_250,1.8125
Larva_250,6.5625
Larva_250,3.1875
Larva_250,2.25
Larva_250,1.875
Larva_250,9.4375
Larva_250,6.9375
Larva_250,2.625
Larva_250,3.25
Larva_250,1.1875
Larva_250,1.5625
Larva_250,1.0
Larva_250,0.4375
Larva_250,26.625
Larva_250,4.5
Larva_250,1.0625
Larva_250,0.75
Larva_250,0.625
Larva_250,1.4375
Larva_250,2.625
Larva_250,18.1875
Larva_250,1.6875
Larva_250,2.1875
Larva_250,4.5625
Larva_250,2.625
Larva_250,1.3125
Larva_250,6.75
Larva_250,0.625
Larva_250,0.5625
Larva_250,0.75
Larva_250,4.3125
Larva_250,1.5
Larva_253,1.375
Larva_253,0.5625
Larva_253,1.0
Larva_253,2.8125
Larva_253,0.5625
Larva_253,1.875
Larva_253,1.9375
Larva_253,3.1875
Larva_253,1.5
Larva_253,1.3125
Larva_253,2.75
Larva_253,1.25
Larva_253,5.1875
Larva_253,2.1875
Larva_253,0.5625
Larva_253,4.6875
Larva_253,2.0625
Larva_253,0.625
Larva_253,0.6875
Larva_253,5.6875
Larva_253,8.1875
Larva_253,3.5625
Larva_253,5.0
Larva_253,7.75
Larva_253,2.75
Larva_253,0.8125
Larva_253,10.6875
Larva_253,0.5625
Larva_253,0.9375
Larva_253,0.75
Larva_253,0.8125
Larva_253,5.125
Larva_253,3.0625
Larva_253,1.4375
Larva_253,1.4375
Larva_253,5.9375
Larva_253,0.5625
Larva_253,1.6875
Larva_253,1.25
Larva_253,0.75
Larva_253,1.1875
Larva_253,1.3125
Larva_253,0.75
Larva_253,16.5625
Larva_253,2.625
Larva_253,0.875
Larva_254,1.125
Larva_254,7.5
Larva_254,3.5625
Larva_254,3.8125
Larva_254,5.375
Larva_254,0.4375
Larva_254,3.875
Larva_254,4.5625
Larva_254,1.0
Larva_254,0.6875
Larva_254,3.0
Larva_254,3.5
Larva_254,1.4375
Larva_254,1.875
Larva_254,4.1875
Larva_254,11.625
Larva_254,4.125
Larva_254,6.8125
Larva_254,1.5
Larva_254,1.8125
Larva_254,14.4375
Larva_254,1.8125
Larva_254,0.4375
Larva_254,0.75
Larva_254,4.5
Larva_254,14.125
Larva_254,13.125
Larva_254,1.625
Larva_257,17.25
Larva_257,1.4375
Larva_257,1.6875
Larva_257,1.8125
Larva_257,1.875
Larva_257,0.5
Larva_257,3.6875
Larva_257,1.125
Larva_257,6.5625
Larva_257,5.5625
Larva_257,0.6875
Larva_257,3.5
Larva_257,2.3125
Larva_257,0.6875
Larva_257,1.0625
Larva_257,3.0
Larva_257,0.625
Larva_257,6.5
Larva_257,0.6875
Larva_257,1.1875
Larva_257,7.4375
Larva_257,1.4375
Larva_257,0.625
Larva_257,3.9375
Larva_257,1.0
Larva_257,6.0625
Larva_257,3.25
Larva_257,1.375
Larva_257,0.875
Larva_257,0.375
Larva_257,2.0
Larva_257,0.625
Larva_257,2.875
Larva_257,0.625
Larva_257,1.125
Larva_257,0.75
Larva_257,2.1875
Larva_257,3.5625
Larva_257,0.6875
Larva_257,1.875
Larva_257,2.8125
Larva_259,8.375
Larva_259,24.5625
Larva_259,18.1875
Larva_259,13.5
Larva_259,6.1875
Larva_259,2.25
Larva_259,20.5
Larva_259,18.5
Larva_259,3.625
Larva_259,18.125
Larva_259,14.875
Larva_259,7.5625
Larva_259,1.875
Larva_261,18.0
Larva_261,18.0625
Larva_261,5.0
Larva_261,1.75
Larva_261,12.125
Larva_261,52.75
Larva_261,0.9375
Larva_261,3.0625
Larva_261,19.25
Larva_261,7.625
Larva_261,20.1875
Larva_262,13.9375
Larva_262,4.125
Larva_262,7.8125
Larva_262,47.25
Larva_262,4.3125
Larva_262,2.5625
Larva_262,17.8125
Larva_262,7.625
Larva_262,2.5
Larva_262,38.3125
Larva_262,12.0
Larva_262,6.125
Larva_265,1.4375
Larva_265,8.75
Larva_265,4.125
Larva_265,12.375
Larva_265,7.4375
Larva_265,0.5625
Larva_265,1.0
Larva_265,2.5
Larva_265,1.625
Larva_265,17.5625
Larva_265,19.0
Larva_265,0.5625
Larva_265,58.625
Larva_265,7.1875
Larva_266,7.875
Larva_266,9.0
Larva_266,1.625
Larva_266,5.5
Larva_266,2.5
Larva_266,3.875
Larva_266,0.9375
Larva_266,0.4375
Larva_266,22.8125
Larva_266,8.9375
Larva_266,0.5
Larva_266,3.125
Larva_266,2.125
Larva_266,7.75
Larva_266,5.875
Larva_266,0.5
Larva_266,5.0
Larva_266,2.75
Larva_266,3.375
Larva_266,0.5
Larva_266,0.875
Larva_266,6.6875
Larva_266,29.5625
Larva_266,0.6875
Larva_266,2.125
Larva_267,1.8125
Larva_267,76.3125
Larva_267,10.375
Larva_267,4.4375
Larva_267,73.0
Larva_27,8.75
Larva_27,4.0625
Larva_27,2.375
Larva_27,1.0625
Larva_27,1.8125
Larva_27,4.375
Larva_27,5.625
Larva_27,3.1875
Larva_27,1.4375
Larva_27,0.9375
Larva_27,1.6875
Larva_27,2.625
Larva_27,9.375
Larva_27,5.125
Larva_27,13.1875
Larva_27,4.1875
Larva_27,0.5625
Larva_27,4.625
Larva_27,3.75
Larva_27,4.125
Larva_27,3.9375
Larva_27,2.3125
Larva_27,0.75
Larva_27,0.5625
Larva_27,3.3125
Larva_27,2.3125
Larva_27,2.625
Larva_27,3.625
Larva_27,3.0625
Larva_27,0.8125
Larva_27,12.4375
Larva_27,1.5625
Larva_27,3.25
Larva_27,1.25
Larva_27,4.25
Larva_271,44.4375
Larva_271,4.5
Larva_271,19.75
Larva_271,6.9375
Larva_271,28.6875
Larva_271,14.8125
Larva_271,4.875
Larva_271,14.625
Larva_271,2.625
Larva_271,9.375
Larva_272,2.8125
Larva_272,2.5625
Larva_272,5.0625
Larva_272,2.3125
Larva_272,2.8125
Larva_272,2.375
Larva_272,2.375
Larva_272,42.1875
Larva_272,3.5
Larva_272,0.625
Larva_272,2.75
Larva_272,2.1875
Larva_272,3.25
Larva_272,6.75
Larva_272,14.5
Larva_272,1.75
Larva_272,3.875
Larva_272,1.25
Larva_272,9.0625
Larva_272,0.875
Larva_272,0.6875
Larva_272,0.8125
Larva_272,1.1875
Larva_272,1.0
Larva_272,1.875
Larva_272,2.375
Larva_272,1.75
Larva_272,3.125
Larva_273,1.1875
Larva_273,3.4375
Larva_273,15.8125
Larva_273,15.5625
Larva_273,4.5625
Larva_273,3.1875
Larva_273,4.0625
Larva_273,1.4375
Larva_273,4.0
Larva_273,4.9375
Larva_273,0.6875
Larva_273,3.4375
Larva_273,7.8125
Larva_273,5.375
Larva_273,5.25
Larva_273,12.125
Larva_273,2.0
Larva_273,29.875
Larva_273,1.9375
Larva_273,13.1875
Larva_273,0.5
Larva_274,14.875
Larva_274,0.5625
Larva_274,15.75
Larva_274,12.9375
Larva_274,28.0
Larva_274,56.3125
Larva_274,20.125
Larva_277,0.5625
Larva_277,11.375
Larva_277,4.5
Larva_277,13.9375
Larva_277,6.3125
Larva_277,1.1875
Larva_277,4.125
Larva_277,10.5
Larva_277,2.875
Larva_277,1.75
Larva_277,2.8125
Larva_277,0.5
Larva_277,3.8125
Larva_277,3.5625
Larva_277,13.8125
Larva_277,1.1875
Larva_277,15.25
Larva_277,8.3125
Larva_277,2.5
Larva_277,0.9375
Larva_277,1.8125
Larva_277,4.5
Larva_277,1.0
Larva_277,8.0
Larva_277,7.6875
Larva_278,2.625
Larva_278,1.5625
Larva_278,0.75
Larva_278,3.1875
Larva_278,2.4375
Larva_278,0.875
Larva_278,3.5625
Larva_278,7.875
Larva_278,0.75
Larva_278,12.6875
Larva_278,1.5625
Larva_278,11.4375
Larva_278,8.375
Larva_278,6.5
Larva_278,3.25
Larva_278,1.25
Larva_278,2.3125
Larva_278,1.875
Larva_278,2.5
Larva_278,12.375
Larva_278,15.25
Larva_278,3.6875
Larva_278,3.5
Larva_278,1.25
Larva_278,0.9375
Larva_278,4.4375
Larva_278,4.0
Larva_278,7.0625
Larva_279,2.25
Larva_279,2.875
Larva_279,8.25
Larva_279,28.8125
Larva_279,3.5625
Larva_279,3.6875
Larva_279,0.875
Larva_279,2.625
Larva_279,0.75
Larva_279,10.8125
Larva_279,6.0625
Larva_279,0.75
Larva_279,2.125
Larva_279,0.8125
Larva_279,8.8125
Larva_279,1.125
Larva_279,1.0625
Larva_279,1.5
Larva_279,0.5625
Larva_279,1.4375
Larva_279,0.6875
Larva_279,3.0
Larva_279,1.1875
Larva_279,2.125
Larva_279,0.75
Larva_279,2.5625
Larva_279,4.875
Larva_279,1.0625
Larva_279,1.75
Larva_279,0.5625
Larva_279,2.6875
Larva_279,3.6875
Larva_279,4.6875
Larva_281,1.3125
Larva_281,8.875
Larva_281,23.1875
Larva_281,8.4375
Larva_281,13.9375
Larva_281,5.5
Larva_281,6.8125
Larva_281,4.1875
Larva_281,17.375
Larva_281,3.6875
Larva_281,0.5625
Larva_281,3.875
Larva_281,1.5625
Larva_281,0.875
Larva_281,0.5625
Larva_281,2.1875
Larva_281,2.8125
Larva_281,1.5
Larva_281,0.875
Larva_281,9.0625
Larva_281,0.9375
Larva_281,0.5
Larva_281,4.75
Larva_281,3.9375
Larva_281,3.5625
Larva_282,2.9375
Larva_282,3.3125
Larva_282,1.375
Larva_282,3.875
Larva_282,3.9375
Larva_282,2.3125
Larva_282,6.6875
Larva_282,5.1875
Larva_282,0.6875
Larva_282,4.375
Larva_282,6.125
Larva_282,3.4375
Larva_282,3.0
Larva_282,2.5
Larva_282,1.0
Larva_282,5.5625
Larva_282,2.4375
Larva_282,0.75
Larva_282,3.625
Larva_282,1.0625
Larva_282,5.25
Larva_282,2.5
Larva_282,2.0
Larva_282,5.125
Larva_282,5.3125
Larva_282,0.75
Larva_282,3.875
Larva_282,1.9375
Larva_282,5.25
Larva_282,1.3125
Larva_282,1.6875
Larva_282,4.1875
Larva_282,1.0625
Larva_282,10.3125
Larva_283,5.875
Larva_283,0.9375
Larva_283,2.9375
Larva_283,0.625
Larva_283,4.4375
Larva_283,7.25
Larva_283,5.75
Larva_283,4.8125
Larva_283,1.6875
Larva_283,2.5625
Larva_283,1.75
Larva_283,2.875
Larva_283,2.0625
Larva_283,1.125
Larva_283,1.25
Larva_283,1.5625
Larva_283,5.75
Larva_283,21.8125
Larva_283,0.8125
Larva_283,0.6875
Larva_283,2.25
Larva_283,2.875
Larva_283,0.75
Larva_283,2.875
Larva_283,2.9375
Larva_283,0.875
Larva_283,1.75
Larva_283,0.6875
Larva_283,1.375
Larva_283,5.0625
Larva_283,2.25
Larva_283,0.625
Larva_283,1.4375
Larva_283,2.5625
Larva_283,1.4375
Larva_283,1.3125
Larva_283,0.9375
Larva_283,3.0625
Larva_283,6.0625
Larva_283,4.25
Larva_283,2.5
Larva_284,6.875
Larva_284,3.375
Larva_284,1.5
Larva_284,7.6875
Larva_284,6.6875
Larva_284,1.625
Larva_284,15.0625
Larva_284,3.375
Larva_284,6.3125
Larva_284,3.5625
Larva_284,2.125
Larva_284,4.25
Larva_284,0.75
Larva_284,0.625
Larva_284,1.375
Larva_284,3.3125
Larva_284,1.5
Larva_284,23.0
Larva_284,4.3125
Larva_284,0.6875
Larva_284,4.5
Larva_284,1.3125
Larva_284,8.8125
Larva_284,5.8125
Larva_284,0.6875
Larva_284,4.75
Larva_284,1.5625
Larva_284,3.0
Larva_284,4.1875
Larva_285,1.875
Larva_285,3.6875
Larva_285,1.75
Larva_285,11.125
Larva_285,1.0
Larva_285,5.25
Larva_285,1.875
Larva_285,1.0
Larva_285,1.875
Larva_285,5.5625
Larva_285,8.5625
Larva_285,0.4375
Larva_285,1.5625
Larva_285,2.0
Larva_285,0.6875
Larva_285,1.5625
Larva_285,1.3125
Larva_285,0.4375
Larva_285,2.25
Larva_285,2.6875
Larva_285,1.3125
Larva_285,4.375
Larva_285,0.875
Larva_285,9.125
Larva_285,3.375
Larva_285,1.5
Larva_285,2.125
Larva_285,1.0625
Larva_285,2.625
Larva_285,2.625
Larva_285,1.25
Larva_285,2.1875
Larva_285,3.9375
Larva_285,2.75
Larva_285,10.625
Larva_285,13.4375
Larva_285,4.125
Larva_285,0.5625
Larva_29,26.1875
Larva_29,13.25
Larva_29,15.5
Larva_29,37.125
Larva_29,13.4375
Larva_29,1.0625
Larva_29,36.625
Larva_29,14.5625
Larva_29,7.375
Larva_290,26.1875
Larva_290,25.625
Larva_290,2.75
Larva_290,3.8125
Larva_290,3.625
Larva_290,37.25
Larva_290,1.4375
Larva_290,6.4375
Larva_290,3.125
Larva_290,6.1875
Larva_290,2.5625
Larva_290,0.8125
Larva_290,1.3125
Larva_290,12.8125
Larva_290,12.8125
Larva_290,6.5625
Larva_291,10.875
Larva_291,55.375
Larva_291,5.25
Larva_291,23.8125
Larva_291,6.5625
Larva_291,1.9375
Larva_291,20.875
Larva_291,17.0
Larva_291,24.4375
Larva_296,4.5625
Larva_296,38.25
Larva_296,65.3125
Larva_296,31.4375
Larva_296,3.0625
Larva_296,0.4375
Larva_296,0.8125
Larva_296,2.375
Larva_296,7.625
Larva_296,2.3125
Larva_297,4.625
Larva_297,1.375
Larva_297,3.625
Larva_297,0.75
Larva_297,5.1875
Larva_297,3.1875
Larva_297,2.125
Larva_297,2.375
Larva_297,5.6875
Larva_297,3.5625
Larva_297,8.5
Larva_297,2.8125
Larva_297,8.125
Larva_297,3.1875
Larva_297,6.6875
Larva_297,2.625
Larva_297,7.0
Larva_297,1.375
Larva_297,2.3125
Larva_297,75.75
Larva_298,71.0
Larva_298,47.3125
Larva_298,5.9375
Larva_298,2.3125
Larva_298,17.5625
Larva_298,15.3125
Larva_298,4.125
Larva_299,43.9375
Larva_299,13.4375
Larva_299,104.4375
Larva_299,6.375
Larva_3,0.75
Larva_3,5.75
Larva_3,0.625
Larva_3,1.8125
Larva_3,11.875
Larva_3,2.0625
Larva_3,2.3125
Larva_3,26.25
Larva_3,23.125
Larva_3,11.6875
Larva_3,1.875
Larva_3,1.375
Larva_3,1.625
Larva_3,1.375
Larva_3,12.0625
Larva_3,31.1875
Larva_3,6.0
Larva_3,3.6875
Larva_300,17.875
Larva_300,0.75
Larva_300,6.6875
Larva_300,2.5625
Larva_300,1.5625
Larva_300,55.125
Larva_300,5.75
Larva_300,9.375
Larva_300,0.625
Larva_300,2.8125
Larva_300,28.125
Larva_300,5.1875
Larva_300,2.875
Larva_300,16.125
Larva_300,1.5
Larva_32,0.8125
Larva_32,19.6875
Larva_32,7.1875
Larva_32,6.75
Larva_32,44.625
Larva_32,14.625
Larva_32,2.0
Larva_32,3.625
Larva_32,5.875
Larva_32,10.6875
Larva_32,8.125
Larva_32,38.25
Larva_32,1.3125
Larva_33,8.0625
Larva_33,3.4375
Larva_33,5.4375
Larva_33,35.8125
Larva_33,5.8125
Larva_33,4.0
Larva_33,0.5625
Larva_33,1.1875
Larva_33,9.0625
Larva_33,1.0
Larva_33,6.625
Larva_33,0.75
Larva_33,0.625
Larva_33,7.4375
Larva_33,0.4375
Larva_33,1.0625
Larva_33,4.9375
Larva_33,2.625
Larva_33,5.625
Larva_33,11.3125
Larva_33,1.375
Larva_33,0.5
Larva_33,5.6875
Larva_33,7.125
Larva_33,6.125
Larva_35,9.875
Larva_35,24.8125
Larva_35,3.0625
Larva_35,3.1875
Larva_35,3.5
Larva_35,9.25
Larva_35,3.125
Larva_35,4.1875
Larva_35,1.5
Larva_35,12.75
Larva_35,3.0
Larva_35,11.125
Larva_35,16.6875
Larva_35,1.6875
Larva_35,4.3125
Larva_35,0.5625
Larva_35,3.4375
Larva_35,2.8125
Larva_35,6.9375
Larva_35,4.5
Larva_35,2.75
Larva_35,1.5625
Larva_35,1.4375
Larva_35,10.125
Larva_35,2.375
Larva_36,19.375
Larva_36,7.25
Larva_36,9.625
Larva_36,5.6875
Larva_36,45.0625
Larva_36,4.0625
Larva_36,13.125
Larva_36,15.9375
Larva_36,15.0
Larva_36,0.5
Larva_36,33.1875
Larva_37,8.75
Larva_37,9.25
Larva_37,4.75
Larva_37,12.3125
Larva_37,11.125
Larva_37,72.1875
Larva_37,31.625
Larva_37,12.6875
Larva_37,5.3125
Larva_37,2.1875
Larva_38,3.125
Larva_38,1.4375
Larva_38,18.75
Larva_38,3.125
Larva_38,0.6875
Larva_38,3.6875
Larva_38,1.4375
Larva_38,4.875
Larva_38,5.75
Larva_38,1.875
Larva_38,6.8125
Larva_38,6.9375
Larva_38,20.3125
Larva_38,0.75
Larva_38,2.875
Larva_38,11.375
Larva_38,1.1875
Larva_38,4.9375
Larva_38,28.6875
Larva_38,2.875
Larva_38,1.625
Larva_38,3.6875
Larva_39,0.75
Larva_39,0.8125
Larva_39,1.25
Larva_39,10.4375
Larva_39,0.5625
Larva_39,2.5625
Larva_39,10.1875
Larva_39,2.4375
Larva_39,1.4375
Larva_39,3.625
Larva_39,0.8125
Larva_39,0.4375
Larva_39,7.5
Larva_39,0.8125
Larva_39,2.875
Larva_39,0.5625
Larva_39,7.875
Larva_39,6.125
Larva_39,10.3125
Larva_39,4.1875
Larva_39,0.5
Larva_39,16.9375
Larva_39,22.9375
Larva_39,2.1875
Larva_39,4.1875
Larva_39,5.875
Larva_39,1.5625
Larva_39,7.5
Larva_39,0.5
Larva_4,15.4375
Larva_4,1.5
Larva_4,0.5625
Larva_4,1.0625
Larva_4,0.625
Larva_4,2.1875
Larva_4,6.5
Larva_4,3.8125
Larva_4,2.125
Larva_4,2.4375
Larva_4,6.0
Larva_4,6.5
Larva_4,7.0625
Larva_4,3.9375
Larva_4,3.5
Larva_4,2.0625
Larva_4,3.9375
Larva_4,0.5625
Larva_4,1.25
Larva_4,2.8125
Larva_4,4.6875
Larva_4,0.625
Larva_4,3.125
Larva_4,6.75
Larva_4,4.4375
Larva_4,0.75
Larva_4,18.5625
Larva_4,0.4375
Larva_4,2.125
Larva_4,9.5
Larva_4,1.0
Larva_4,4.625
Larva_40,1.625
Larva_40,5.6875
Larva_40,2.5
Larva_40,8.0
Larva_40,4.5625
Larva_40,3.0625
Larva_40,0.75
Larva_40,3.1875
Larva_40,3.875
Larva_40,0.8125
Larva_40,3.1875
Larva_40,3.0
Larva_40,2.625
Larva_40,3.5
Larva_40,5.8125
Larva_40,2.8125
Larva_40,0.5
Larva_40,5.125
Larva_40,2.25
Larva_40,2.875
Larva_40,0.8125
Larva_40,4.625
Larva_40,0.5
Larva_40,0.5625
Larva_40,0.75
Larva_40,0.5625
Larva_40,3.6875
Larva_40,1.0
Larva_40,1.5
Larva_40,2.9375
Larva_40,1.8125
Larva_40,1.375
Larva_40,2.875
Larva_40,2.6875
Larva_40,0.75
Larva_40,2.25
Larva_40,3.75
Larva_40,0.5
Larva_40,1.9375
Larva_40,2.625
Larva_40,2.75
Larva_40,0.6875
Larva_40,0.5625
Larva_40,1.5625
Larva_40,1.5625
Larva_40,0.75
Larva_40,8.625
Larva_40,2.1875
Larva_42,3.125
Larva_42,7.3125
Larva_42,12.375
Larva_42,9.125
Larva_42,5.5
Larva_42,23.375
Larva_42,2.3125
Larva_42,8.0
Larva_42,1.3125
Larva_42,2.625
Larva_42,0.75
Larva_42,4.3125
Larva_42,2.0625
Larva_42,1.625
Larva_42,4.0625
Larva_42,2.0
Larva_42,19.9375
Larva_42,10.3125
Larva_42,1.375
Larva_42,6.1875
Larva_42,1.25
Larva_42,1.875
Larva_42,1.5625
Larva_42,6.0625
Larva_43,32.1875
Larva_43,20.6875
Larva_43,40.0
Larva_43,4.875
Larva_43,2.5
Larva_43,8.75
Larva_43,11.5
Larva_43,13.6875
Larva_43,0.4375
Larva_43,0.6875
Larva_43,7.8125
Larva_43,5.5625
Larva_43,7.0625
Larva_43,7.1875
Larva_43,1.875
Larva_46,9.375
Larva_46,2.4375
Larva_46,5.625
Larva_46,0.5
Larva_46,0.625
Larva_46,19.25
Larva_46,1.25
Larva_46,3.625
Larva_46,8.5625
Larva_46,1.5625
Larva_46,2.4375
Larva_46,15.25
Larva_46,11.9375
Larva_46,10.0
Larva_46,16.25
Larva_46,0.5
Larva_46,4.875
Larva_46,1.625
Larva_46,1.8125
Larva_46,14.5625
Larva_47,0.625
Larva_47,0.5625
Larva_47,3.5625
Larva_47,1.3125
Larva_47,0.75
Larva_47,4.125
Larva_47,0.75
Larva_47,0.6875
Larva_47,1.3125
Larva_47,1.25
Larva_47,0.9375
Larva_47,0.75
Larva_47,0.8125
Larva_47,0.6875
Larva_47,1.875
Larva_47,2.75
Larva_47,3.75
Larva_47,1.1875
Larva_47,0.6875
Larva_47,0.5625
Larva_47,18.3125
Larva_47,1.0
Larva_47,6.75
Larva_47,1.5
Larva_47,1.3125
Larva_47,0.5625
Larva_47,2.625
Larva_47,3.6875
Larva_47,1.6875
Larva_47,6.3125
Larva_47,1.3125
Larva_47,0.5625
Larva_47,3.1875
Larva_47,0.875
Larva_47,0.9375
Larva_47,0.875
Larva_47,2.375
Larva_47,0.5625
Larva_47,0.8125
Larva_47,0.625
Larva_47,0.75
Larva_47,0.625
Larva_47,1.9375
Larva_47,0.8125
Larva_47,1.375
Larva_47,1.5
Larva_47,6.625
Larva_47,0.5625
Larva_47,1.25
Larva_47,1.25
Larva_47,2.5
Larva_47,1.5625
Larva_47,1.375
Larva_47,1.375
Larva_47,1.375
Larva_48,2.625
Larva_48,6.625
Larva_48,17.8125
Larva_48,1.0625
Larva_48,1.75
Larva_48,10.375
Larva_48,6.875
Larva_48,2.1875
Larva_48,61.625
Larva_48,37.6875
Larva_50,22.625
Larva_50,8.5
Larva_50,1.5625
Larva_50,0.375
Larva_50,3.125
Larva_50,35.1875
Larva_50,6.625
Larva_50,7.875
Larva_50,2.625
Larva_50,0.5625
Larva_50,3.375
Larva_50,0.8125
Larva_50,1.0625
Larva_50,7.125
Larva_50,3.75
Larva_50,1.4375
Larva_50,1.875
Larva_50,12.8125
Larva_50,2.375
Larva_50,4.9375
Larva_50,14.125
Larva_50,7.3125
Larva_51,14.0625
Larva_51,13.8125
Larva_51,22.3125
Larva_51,12.375
Larva_51,43.0625
Larva_51,3.6875
Larva_51,8.625
Larva_51,23.0625
Larva_51,7.5
Larva_51,0.5625
Larva_51,1.4375
Larva_51,7.5
Larva_52,34.1875
Larva_52,0.5625
Larva_52,0.875
Larva_52,21.1875
Larva_52,5.3125
Larva_52,4.8125
Larva_52,0.6875
Larva_52,3.0625
Larva_52,6.3125
Larva_52,5.75
Larva_52,1.25
Larva_52,1.1875
Larva_52,20.0625
Larva_52,4.0
Larva_52,0.5
Larva_52,8.875
Larva_52,2.0
Larva_52,10.1875
Larva_52,0.75
Larva_52,4.25
Larva_52,4.625
Larva_52,6.375
Larva_52,6.75
Larva_53,1.8125
Larva_53,35.8125
Larva_53,2.5625
Larva_53,12.25
Larva_53,57.625
Larva_53,11.3125
Larva_53,9.0625
Larva_53,9.6875
Larva_53,2.5625
Larva_53,1.75
Larva_54,2.375
Larva_54,0.75
Larva_54,16.0625
Larva_54,1.625
Larva_54,27.25
Larva_54,18.625
Larva_54,6.25
Larva_54,1.8125
Larva_54,8.25
Larva_54,11.6875
Larva_54,25.6875
Larva_54,1.6875
Larva_54,2.25
Larva_54,2.375
Larva_54,2.4375
Larva_54,1.8125
Larva_57,16.125
Larva_57,0.625
Larva_57,2.25
Larva_57,10.1875
Larva_57,0.4375
Larva_57,4.625
Larva_57,3.4375
Larva_57,1.1875
Larva_57,29.4375
Larva_57,4.8125
Larva_57,4.75
Larva_57,8.25
Larva_57,4.0625
Larva_57,24.0625
Larva_57,2.375
Larva_57,4.1875
Larva_57,1.0
Larva_57,15.4375
Larva_57,2.0625
Larva_58,1.4375
Larva_58,2.25
Larva_58,5.875
Larva_58,4.9375
Larva_58,3.3125
Larva_58,3.25
Larva_58,4.5
Larva_58,4.25
Larva_58,6.125
Larva_58,1.375
Larva_58,25.8125
Larva_58,0.75
Larva_58,4.875
Larva_58,2.6875
Larva_58,14.25
Larva_58,3.0
Larva_58,0.9375
Larva_58,0.5625
Larva_58,0.625
Larva_58,0.875
Larva_58,8.4375
Larva_58,0.375
Larva_58,1.4375
Larva_58,1.375
Larva_58,0.625
Larva_58,0.5
Larva_58,0.375
Larva_58,0.8125
Larva_58,0.9375
Larva_58,9.375
Larva_58,3.875
Larva_58,2.25
Larva_58,6.0625
Larva_59,3.625
Larva_59,0.9375
Larva_59,1.3125
Larva_59,2.375
Larva_59,6.125
Larva_59,2.6875
Larva_59,3.4375
Larva_59,1.9375
Larva_59,0.5
Larva_59,2.6875
Larva_59,2.8125
Larva_59,5.4375
Larva_59,6.6875
Larva_59,1.875
Larva_59,5.125
Larva_59,2.125
Larva_59,13.6875
Larva_59,7.9375
Larva_59,5.5
Larva_59,34.4375
Larva_59,8.0
Larva_59,1.25
Larva_59,2.9375
Larva_59,0.625
Larva_59,3.5625
Larva_59,1.25
Larva_59,1.3125
Larva_59,18.1875
Larva_6,0.5625
Larva_6,11.5
Larva_6,14.875
Larva_6,37.0
Larva_6,12.1875
Larva_6,1.5625
Larva_6,3.25
Larva_6,6.0
Larva_6,16.0625
Larva_6,0.4375
Larva_6,0.625
Larva_6,7.3125
Larva_6,0.5625
Larva_6,4.0
Larva_6,0.4375
Larva_6,0.6875
Larva_6,1.3125
Larva_6,31.875
Larva_61,2.8125
Larva_61,0.8125
Larva_61,3.5
Larva_61,7.3125
Larva_61,0.625
Larva_61,4.4375
Larva_61,1.4375
Larva_61,3.875
Larva_61,3.5
Larva_61,1.4375
Larva_61,16.6875
Larva_61,2.5625
Larva_61,2.0625
Larva_61,5.4375
Larva_61,3.6875
Larva_61,1.4375
Larva_61,4.4375
Larva_61,4.1875
Larva_61,4.1875
Larva_61,2.1875
Larva_61,7.375
Larva_61,13.3125
Larva_61,0.625
Larva_61,6.5625
Larva_61,0.625
Larva_61,1.875
Larva_61,0.625
Larva_61,3.75
Larva_61,12.75
Larva_61,4.1875
Larva_61,3.0
Larva_61,1.6875
Larva_67,9.625
Larva_67,6.625
Larva_67,10.25
Larva_67,4.6875
Larva_67,8.75
Larva_67,2.5
Larva_67,12.0625
Larva_67,3.3125
Larva_67,5.9375
Larva_67,38.0625
Larva_67,2.6875
Larva_67,7.4375
Larva_67,18.0
Larva_67,4.4375
Larva_67,4.6875
Larva_67,2.0
Larva_67,0.8125
Larva_67,11.875
Larva_68,21.875
Larva_68,0.4375
Larva_68,20.25
Larva_68,1.625
Larva_68,1.375
Larva_68,1.75
Larva_68,0.75
Larva_68,6.875
Larva_68,1.25
Larva_68,2.1875
Larva_68,0.875
Larva_68,9.4375
Larva_68,6.125
Larva_68,12.5
Larva_68,9.8125
Larva_68,5.5625
Larva_68,10.1875
Larva_68,0.5
Larva_68,0.5
Larva_68,3.625
Larva_68,29.0625
Larva_69,1.4375
Larva_69,2.5625
Larva_69,1.5
Larva_69,14.25
Larva_69,12.75
Larva_69,5.625
Larva_69,7.0625
Larva_69,1.4375
Larva_69,93.0625
Larva_69,0.6875
Larva_69,0.75
Larva_69,4.5
Larva_69,9.875
Larva_7,5.375
Larva_7,27.4375
Larva_7,3.125
Larva_7,4.6875
Larva_7,3.625
Larva_7,27.1875
Larva_7,12.5625
Larva_7,36.9375
Larva_7,15.3125
Larva_7,3.0
Larva_71,50.125
Larva_71,9.9375
Larva_71,3.1875
Larva_71,5.5625
Larva_71,8.5
Larva_71,31.625
Larva_71,7.625
Larva_71,15.0
Larva_71,1.8125
Larva_71,13.1875
Larva_71,2.0
Larva_72,10.25
Larva_72,9.3125
Larva_72,4.0625
Larva_72,1.8125
Larva_72,4.0
Larva_72,10.1875
Larva_72,4.25
Larva_72,1.375
Larva_72,12.3125
Larva_72,0.625
Larva_72,1.1875
Larva_72,0.8125
Larva_72,4.6875
Larva_72,9.6875
Larva_72,6.5625
Larva_72,1.5
Larva_72,0.625
Larva_72,0.75
Larva_72,4.25
Larva_72,1.8125
Larva_72,20.375
Larva_72,2.75
Larva_72,10.3125
Larva_72,0.75
Larva_72,2.75
Larva_72,2.625
Larva_72,1.75
Larva_76,24.0625
Larva_76,14.1875
Larva_76,9.625
Larva_76,12.5625
Larva_76,0.625
Larva_76,9.75
Larva_76,5.3125
Larva_76,16.5
Larva_76,0.8125
Larva_76,0.5625
Larva_76,15.625
Larva_76,4.5
Larva_76,18.875
Larva_76,4.875
Larva_76,1.25
Larva_78,1.25
Larva_78,2.0625
Larva_78,3.9375
Larva_78,1.1875
Larva_78,1.875
Larva_78,5.5625
Larva_78,3.5
Larva_78,2.6875
Larva_78,0.9375
Larva_78,3.125
Larva_78,1.25
Larva_78,3.5625
Larva_78,1.75
Larva_78,6.6875
Larva_78,16.5
Larva_78,5.25
Larva_78,3.5
Larva_78,1.375
Larva_78,4.8125
Larva_78,12.0625
Larva_78,1.25
Larva_78,3.25
Larva_78,6.25
Larva_78,3.1875
Larva_78,34.375
Larva_78,4.9375
Larva_79,0.5625
Larva_79,4.8125
Larva_79,41.5625
Larva_79,69.5625
Larva_79,7.0625
Larva_79,0.75
Larva_79,2.5625
Larva_79,2.5
Larva_79,27.9375
Larva_79,1.75
Larva_79,4.125
Larva_79,3.0625
Larva_8,0.9375
Larva_8,9.4375
Larva_8,6.0625
Larva_8,3.5625
Larva_8,2.9375
Larva_8,4.0
Larva_8,8.8125
Larva_8,23.75
Larva_8,0.875
Larva_8,24.875
Larva_8,2.0625
Larva_8,9.5625
Larva_8,3.875
Larva_8,5.3125
Larva_8,9.875
Larva_8,2.3125
Larva_8,31.25
Larva_81,3.875
Larva_81,6.5
Larva_81,8.9375
Larva_81,3.5
Larva_81,1.625
Larva_81,3.0625
Larva_81,11.625
Larva_81,0.4375
Larva_81,3.8125
Larva_81,2.875
Larva_81,11.375
Larva_81,2.0625
Larva_81,2.0
Larva_81,0.625
Larva_81,1.5
Larva_81,2.5625
Larva_81,5.0
Larva_81,5.125
Larva_81,4.8125
Larva_81,1.375
Larva_81,29.0625
Larva_81,4.0625
Larva_81,4.0
Larva_81,7.0
Larva_81,4.75
Larva_83,0.75
Larva_83,1.4375
Larva_83,2.1875
Larva_83,3.5625
Larva_83,14.0
Larva_83,1.625
Larva_83,21.375
Larva_83,0.625
Larva_83,1.4375
Larva_83,4.1875
Larva_83,15.625
Larva_83,7.8125
Larva_83,3.5625
Larva_83,1.0625
Larva_83,1.1875
Larva_83,0.75
Larva_83,3.9375
Larva_83,13.3125
Larva_83,20.1875
Larva_83,4.9375
Larva_83,0.9375
Larva_83,8.25
Larva_83,9.875
Larva_83,0.8125
Larva_83,7.3125
Larva_85,33.9375
Larva_85,5.25
Larva_85,2.3125
Larva_85,1.3125
Larva_85,0.6875
Larva_85,1.25
Larva_85,1.5
Larva_85,6.5625
Larva_85,13.5
Larva_85,9.3125
Larva_85,6.0625
Larva_85,5.125
Larva_85,6.0625
Larva_85,6.4375
Larva_85,6.1875
Larva_85,3.5
Larva_85,11.375
Larva_85,3.0
Larva_85,0.9375
Larva_85,0.625
Larva_85,8.5625
Larva_85,2.75
Larva_85,0.5625
Larva_87,3.625
Larva_87,4.1875
Larva_87,0.6875
Larva_87,6.25
Larva_87,0.625
Larva_87,1.125
Larva_87,2.375
Larva_87,5.4375
Larva_87,3.3125
Larva_87,2.4375
Larva_87,4.0
Larva_87,6.125
Larva_87,5.125
Larva_87,0.9375
Larva_87,35.5
Larva_87,3.3125
Larva_87,12.25
Larva_87,8.625
Larva_87,1.375
Larva_87,0.6875
Larva_87,0.375
Larva_87,26.8125
Larva_87,1.1875
Larva_87,0.5
Larva_88,1.5
Larva_88,0.875
Larva_88,14.3125
Larva_88,2.875
Larva_88,1.125
Larva_88,1.4375
Larva_88,0.9375
Larva_88,1.375
Larva_88,19.375
Larva_88,0.875
Larva_88,2.0625
Larva_88,0.4375
Larva_88,5.8125
Larva_88,0.375
Larva_88,5.4375
Larva_88,16.75
Larva_88,4.5625
Larva_88,2.375
Larva_88,0.375
Larva_88,1.125
Larva_88,2.125
Larva_88,1.0
Larva_88,11.1875
Larva_88,2.625
Larva_88,20.1875
Larva_88,2.5
Larva_9,18.8125
Larva_9,34.75
Larva_9,0.625
Larva_9,18.0625
Larva_9,1.375
Larva_9,2.0625
Larva_9,0.4375
Larva_9,3.5
Larva_9,60.5
Larva_9,15.375
Larva_9,1.5625
Larva_9,0.6875
Larva_9,2.375
Larva_91,19.8125
Larva_91,2.875
Larva_91,1.75
Larva_91,1.0625
Larva_91,10.1875
Larva_91,0.8125
Larva_91,4.5
Larva_91,2.6875
Larva_91,12.5625
Larva_91,1.5625
Larva_91,4.3125
Larva_91,0.4375
Larva_91,1.1875
Larva_91,0.625
Larva_91,4.8125
Larva_91,29.875
Larva_91,1.75
Larva_91,1.875
Larva_91,7.375
Larva_91,4.25
Larva_91,10.6875
Larva_91,3.125
Larva_91,8.5
Larva_91,1.125
Larva_91,6.0
Larva_92,1.3125
Larva_92,0.625
Larva_92,2.6875
Larva_92,9.3125
Larva_92,3.25
Larva_92,26.0
Larva_92,0.6875
Larva_92,41.75
Larva_92,2.875
Larva_92,6.5625
Larva_92,43.125
Larva_92,3.9375
Larva_92,0.75
Larva_92,3.0625
Larva_92,3.6875
Larva_92,3.375
Larva_93,3.1875
Larva_93,3.0
Larva_93,1.8125
Larva_93,0.5
Larva_93,1.6875
Larva_93,7.875
Larva_93,0.5
Larva_93,1.6875
Larva_93,2.9375
Larva_93,2.0625
Larva_93,7.875
Larva_93,2.5
Larva_93,0.6875
Larva_93,2.9375
Larva_93,5.4375
Larva_93,0.5
Larva_93,6.0625
Larva_93,3.125
Larva_93,6.0
Larva_93,8.4375
Larva_93,30.9375
Larva_93,34.375
Larva_93,0.5
Larva_94,48.375
Larva_94,0.4375
Larva_94,1.5625
Larva_94,0.5
Larva_94,18.9375
Larva_94,8.25
Larva_94,1.5
Larva_94,36.375
Larva_94,33.375
Larva_94,6.25
Larva_94,10.5625
Larva_95,0.9375
Larva_95,8.0625
Larva_95,0.6875
Larva_95,0.625
Larva_95,0.875
Larva_95,2.9375
Larva_95,14.75
Larva_95,6.125
Larva_95,1.25
Larva_95,10.25
Larva_95,35.375
Larva_95,38.875
Larva_95,21.625
Larva_95,10.25
Larva_95,4.375
Larva_96,7.4375
Larva_96,10.1875
Larva_96,2.25
Larva_96,3.0
Larva_96,3.8125
Larva_96,4.375
Larva_96,5.3125
Larva_96,6.375
Larva_96,0.8125
Larva_96,6.3125
Larva_96,2.5625
Larva_96,14.5
Larva_96,36.5
Larva_96,2.3125
Larva_96,12.0625
Larva_96,2.375
Larva_96,4.6875
Larva_96,1.625
Larva_96,11.125
Larva_96,6.25
Larva_97,20.625
Larva_97,18.1875
Larva_97,7.75
Larva_97,18.1875
Larva_97,21.625
Larva_97,1.625
Larva_97,9.125
Larva_97,0.625
Larva_97,8.0625
Larva_97,36.25
Larva_97,1.6875
Larva_97,0.6875
Larva_98,7.3125
Larva_98,58.8125
Larva_98,26.1875
Larva_98,83.5
Larva_99,11.5
Larva_99,1.375
Larva_99,1.0625
Larva_99,3.875
Larva_99,2.0
Larva_99,32.6875
Larva_99,1.125
Larva_99,1.875
Larva_99,13.375
Larva_99,1.625
Larva_99,2.4375
Larva_99,6.0
Larva_99,3.375
Larva_99,3.125
Larva_99,1.9375
Larva_99,2.375
Larva_99,1.1875
Larva_99,5.0625
Larva_99,6.5625
Larva_99,19.3125
Larva_99,1.5625
Larva_99,0.6875
Larva_99,3.4375
Larva_99,5.6875
Larva_99,0.625
